customer_id,name,email,country,created_at
1,Anne Stone,anne.stone@gmail.com,Nigeria,2025-05-29 22:01:50.928538
2,John Nelson,john.nelson@gmail.com,,2023-07-29 06:26:52.153559
3,Nicole Sherman,nicole.sherman@gmail.com,Nigeria,2025-05-01 06:12:56.255498
4,Tonya Mathis,tonya.mathis@gmail.com,Nigeria,2023-11-22 08:44:44.277133
5,David Hunt,david.hunt@gmail.com,Nigeria,2023-09-10 19:03:35.021005
6,Mrs. Heather Chase,mrs..heather.chase@gmail.com,Nigeria,2026-03-10 18:39:53.317681
7,Jeremy Harper,jeremy.harper@gmail.com,Nigeria,2023-06-30 12:45:16.104954
8,Dana Garza,dana.garza@gmail.com,Nigeria,2023-08-25 17:53:55.358057
9,Melanie Mcgee,melanie.mcgee@gmail.com,Nigeria,2023-07-04 14:06:20.909091
10,Reginald James,reginald.james@gmail.com,,2024-01-05 11:19:02.644132
11,Jose Mills,jose.mills@gmail.com,Nigeria,2024-05-03 09:08:49.212768
12,Cheryl Heath,cheryl.heath@gmail.com,Nigeria,2025-06-28 06:01:06.072037
13,Robert Warren,robert.warren@gmail.com,,2025-04-05 13:03:29.236649
14,David Anderson,david.anderson@gmail.com,Nigeria,2026-05-20 21:09:09.604587
15,Francisco Pace,francisco.pace@gmail.com,Nigeria,2023-07-27 17:46:59.715244
16,Eric Clark,eric.clark@gmail.com,Nigeria,2023-11-20 02:51:17.596529
17,Christina Brown,christina.brown@gmail.com,Nigeria,2024-07-01 12:09:06.628846
18,Lauren Boyd,lauren.boyd@gmail.com,Nigeria,2025-01-24 13:13:27.968022
19,Amanda Delgado,amanda.delgado@gmail.com,Nigeria,2025-07-28 08:16:16.567887
20,Penny Gallegos,penny.gallegos@gmail.com,,2025-07-03 03:04:39.092365
21,Jason Hernandez,jason.hernandez@gmail.com,Nigeria,2025-02-25 10:20:26.141429
22,Stephen Allen,stephen.allen@gmail.com,Nigeria,2025-11-06 14:12:09.894925
23,Nathan Moore,nathan.moore@gmail.com,Nigeria,2025-11-17 21:14:38.964295
24,Ashley Huber,ashley.huber@gmail.com,Nigeria,2026-05-02 22:59:00.453987
25,Marc Howard,marc.howard@gmail.com,Nigeria,2023-10-06 21:26:36.432111
26,Mary Bruce,mary.bruce@gmail.com,Nigeria,2026-01-01 22:32:55.130334
27,Marcus Klein,marcus.klein@gmail.com,Nigeria,2025-03-16 07:46:11.868945
28,Adam Carpenter,adam.carpenter@gmail.com,Nigeria,2025-07-05 19:45:11.669243
29,Christine Nash,christine.nash@gmail.com,Nigeria,2024-11-19 19:34:45.922802
30,Edwin Arias,edwin.arias@gmail.com,Nigeria,2024-04-22 17:33:29.783267
31,Kristina May,kristina.may@gmail.com,Nigeria,2026-01-19 10:26:49.981229
32,Sherry Colon,sherry.colon@gmail.com,Nigeria,2025-05-12 18:07:15.568067
33,Tami Burke,tami.burke@gmail.com,Nigeria,2025-05-01 03:22:15.859046
34,Jeremy Davis,jeremy.davis@gmail.com,Nigeria,2025-09-17 05:26:22.629626
35,Stephanie Flores,stephanie.flores@gmail.com,Nigeria,2026-04-13 02:48:59.956866
36,Rhonda Berger,rhonda.berger@gmail.com,Nigeria,2026-05-08 06:58:24.672810
37,Jacob Jackson,jacob.jackson@gmail.com,Nigeria,2025-07-20 07:07:00.239324
38,Joseph Vasquez,joseph.vasquez@gmail.com,Nigeria,2023-08-05 00:25:02.034143
39,George Wells,george.wells@gmail.com,Nigeria,2025-07-28 16:05:42.431115
40,Jesus Frey,jesus.frey@gmail.com,Nigeria,2025-02-08 13:23:23.927452
41,Mr. James Copeland II,mr..james.copeland.ii@gmail.com,Nigeria,2024-07-20 09:53:24.486851
42,Cameron Hunt MD,cameron.hunt.md@gmail.com,Nigeria,2024-12-26 11:58:29.831152
43,Sara Franklin,sara.franklin@gmail.com,Nigeria,2025-01-02 01:39:52.748289
44,Gina Soto,gina.soto@gmail.com,Nigeria,2025-11-02 23:19:14.526603
45,Matthew Sims,matthew.sims@gmail.com,Nigeria,2025-06-22 12:46:50.528224
46,David Hernandez,david.hernandez@gmail.com,Nigeria,2023-12-06 17:48:19.995158
47,Amanda Juarez,amanda.juarez@gmail.com,Nigeria,2025-09-27 23:44:08.564900
48,Maria Weaver,maria.weaver@gmail.com,Nigeria,2025-08-05 01:08:45.336385
49,Erin Allen,erin.allen@gmail.com,Nigeria,2023-09-02 14:06:24.686328
50,Barbara Peterson,barbara.peterson@gmail.com,Nigeria,2026-05-04 08:07:16.490134
51,Derrick Taylor,derrick.taylor@gmail.com,Nigeria,2025-10-08 18:20:14.417115
52,Nicole Williams,nicole.williams@gmail.com,Nigeria,2024-10-04 06:57:57.579046
53,Steven Thomas,steven.thomas@gmail.com,Nigeria,2025-09-25 02:14:18.200772
54,Sonya Carpenter,sonya.carpenter@gmail.com,Nigeria,2023-10-31 15:17:22.229036
55,Raymond Smith,raymond.smith@gmail.com,Nigeria,2024-12-21 17:15:25.936816
56,Nicholas Ritter DDS,nicholas.ritter.dds@gmail.com,Nigeria,2024-07-19 21:00:25.819346
57,Heather French,heather.french@gmail.com,Nigeria,2023-10-11 06:23:06.446684
58,Fernando Hall,fernando.hall@gmail.com,Nigeria,2023-07-25 14:10:33.425411
59,Robert Ayala,robert.ayala@gmail.com,Nigeria,2024-06-29 14:14:49.349930
60,Bryce Jimenez,bryce.jimenez@gmail.com,Nigeria,2025-07-28 02:02:02.798189
61,Amanda Giles,amanda.giles@gmail.com,Nigeria,2024-07-21 13:35:19.952336
62,Mario Walker,mario.walker@gmail.com,Nigeria,2024-01-27 20:36:59.364628
63,Steven Taylor,steven.taylor@gmail.com,Nigeria,2025-10-25 09:56:49.885014
64,Brianna Blackwell,brianna.blackwell@gmail.com,Nigeria,2024-03-03 12:31:26.594803
65,Andrew Johnson,andrew.johnson@gmail.com,Nigeria,2023-11-17 05:15:26.439968
66,Carrie Nolan,carrie.nolan@gmail.com,Nigeria,2025-11-16 20:45:58.499985
67,Victor Glover,victor.glover@gmail.com,Nigeria,2025-07-25 21:27:21.971079
68,Laura Allen,laura.allen@gmail.com,Nigeria,2024-02-20 00:11:49.526991
69,Tammy Henderson,tammy.henderson@gmail.com,Nigeria,2026-05-16 01:35:00.054392
70,John Hart Jr.,john.hart.jr.@gmail.com,Nigeria,2025-01-29 22:23:07.388119
71,Jorge Walters,jorge.walters@gmail.com,Nigeria,2026-04-04 06:20:34.135488
72,Benjamin Garcia,benjamin.garcia@gmail.com,Nigeria,2026-05-17 16:22:32.239493
73,Eric Tran,eric.tran@gmail.com,Nigeria,2025-07-03 23:53:31.108454
74,Mr. Robert Owens,mr..robert.owens@gmail.com,Nigeria,2025-11-11 16:48:21.381994
75,Erin Bush,erin.bush@gmail.com,Nigeria,2025-04-18 15:22:04.387446
76,Zachary Raymond,zachary.raymond@gmail.com,Nigeria,2023-08-07 11:47:36.711633
77,Kyle Webb,kyle.webb@gmail.com,Nigeria,2024-07-04 17:44:12.460767
78,Timothy Roman,timothy.roman@gmail.com,Nigeria,2024-01-21 12:18:16.116609
79,Sierra Lewis,sierra.lewis@gmail.com,Nigeria,2024-12-05 01:19:22.735530
80,Kenneth Jenkins,kenneth.jenkins@gmail.com,Nigeria,2026-04-17 21:57:57.928552
81,Susan Lee,susan.lee@gmail.com,Nigeria,2024-02-12 01:49:39.193543
82,Becky Harmon,becky.harmon@gmail.com,Nigeria,2025-07-27 04:44:21.531176
83,Ian Hunter,ian.hunter@gmail.com,Nigeria,2023-06-24 08:34:15.639780
84,Heather Schneider,heather.schneider@gmail.com,Nigeria,2024-08-14 17:38:58.853586
85,April Carpenter,april.carpenter@gmail.com,Nigeria,2025-03-14 03:53:40.556510
86,Anthony Rhodes,anthony.rhodes@gmail.com,Nigeria,2026-01-24 04:07:39.816135
87,Brent Wilson,brent.wilson@gmail.com,Nigeria,2024-01-27 16:33:24.094096
88,Roberto Rios,roberto.rios@gmail.com,Nigeria,2025-06-08 02:41:52.397178
89,Annette Freeman,annette.freeman@gmail.com,Nigeria,2026-05-25 17:21:04.099785
90,Melinda Rodriguez,melinda.rodriguez@gmail.com,Nigeria,2025-10-02 14:21:11.313569
91,Robert Johnson,robert.johnson@gmail.com,Nigeria,2026-01-08 05:07:37.213053
92,Meagan Miller,meagan.miller@gmail.com,Nigeria,2024-06-27 17:27:50.527327
93,Chad Robinson,chad.robinson@gmail.com,Nigeria,2023-12-22 04:29:33.119116
94,Michelle Pierce,michelle.pierce@gmail.com,Nigeria,2024-04-14 12:27:16.812033
95,Stephanie Clark,stephanie.clark@gmail.com,Nigeria,2025-05-05 08:15:00.948349
96,Michael Chapman,michael.chapman@gmail.com,Nigeria,2024-10-14 01:29:12.224821
97,Ryan Gonzalez,ryan.gonzalez@gmail.com,Nigeria,2024-01-28 08:53:32.395235
98,Brian Warren,brian.warren@gmail.com,Nigeria,2023-06-15 22:52:02.670410
99,Antonio Clark,antonio.clark@gmail.com,Nigeria,2024-05-21 17:02:34.015395
100,Rebecca Rodgers,rebecca.rodgers@gmail.com,Nigeria,2024-12-12 08:52:50.023082
101,Cory Chase,cory.chase@gmail.com,,2024-09-21 18:44:13.868934
102,Brian Massey,brian.massey@gmail.com,Nigeria,2025-07-29 04:18:34.902809
103,Jason Mitchell,jason.mitchell@gmail.com,Nigeria,2025-05-29 13:32:30.912720
104,Ashley Rasmussen,ashley.rasmussen@gmail.com,Nigeria,2025-07-06 15:50:55.618193
105,Christy Carpenter,christy.carpenter@gmail.com,Nigeria,2025-11-02 01:58:06.095407
106,Kimberly Patton,kimberly.patton@gmail.com,Nigeria,2024-05-17 00:52:37.825727
107,Ashley Kim,ashley.kim@gmail.com,Nigeria,2025-05-10 23:15:19.940367
108,Krystal Stevens,krystal.stevens@gmail.com,Nigeria,2023-11-13 02:59:07.249114
109,Karl Smith,karl.smith@gmail.com,Nigeria,2023-11-05 17:06:55.561877
110,Peter Allen,peter.allen@gmail.com,Nigeria,2023-10-20 12:36:26.532344
111,Amanda Phillips,amanda.phillips@gmail.com,Nigeria,2024-01-03 04:00:23.887000
112,Chelsea Weber,chelsea.weber@gmail.com,Nigeria,2024-04-02 16:12:54.444732
113,John Walker,john.walker@gmail.com,Nigeria,2025-10-19 05:04:39.484223
114,Dana Weber,dana.weber@gmail.com,Nigeria,2025-06-20 10:20:44.081333
115,Michelle Burton MD,michelle.burton.md@gmail.com,Nigeria,2025-05-17 18:54:52.907213
116,Michael Goodwin,michael.goodwin@gmail.com,Nigeria,2023-09-16 23:31:31.575909
117,Susan Dillon,susan.dillon@gmail.com,Nigeria,2024-07-06 14:47:24.806283
118,Brittney Hawkins,brittney.hawkins@gmail.com,Nigeria,2023-12-09 23:21:00.982957
119,David Wilson,david.wilson@gmail.com,Nigeria,2025-07-28 15:47:44.322845
120,Dr. Brian Richardson,dr..brian.richardson@gmail.com,Nigeria,2024-09-06 18:07:01.909953
121,John Andrews,john.andrews@gmail.com,Nigeria,2023-08-16 23:45:14.001111
122,James Hall,james.hall@gmail.com,Nigeria,2024-05-21 13:27:30.955889
123,Kimberly Scott,kimberly.scott@gmail.com,Nigeria,2024-07-28 02:31:25.170280
124,Christine Park,christine.park@gmail.com,Nigeria,2025-11-27 03:24:11.909144
125,Stephen Schwartz,stephen.schwartz@gmail.com,,2025-03-09 23:54:01.958000
126,Erin Barber,erin.barber@gmail.com,Nigeria,2025-10-28 01:44:32.727681
127,Laura Evans,laura.evans@gmail.com,,2023-11-12 08:38:07.165495
128,Stacey Miller MD,stacey.miller.md@gmail.com,Nigeria,2026-05-25 05:35:17.566504
129,Joseph Davis,joseph.davis@gmail.com,Nigeria,2025-07-04 12:25:35.740815
130,Lisa Salinas,lisa.salinas@gmail.com,Nigeria,2026-05-02 00:40:04.218937
131,Joshua Tapia,joshua.tapia@gmail.com,Nigeria,2024-10-01 23:46:07.275622
132,Jennifer Marshall,jennifer.marshall@gmail.com,Nigeria,2025-05-19 07:53:06.780519
133,Jennifer Whitney,jennifer.whitney@gmail.com,Nigeria,2026-03-30 16:44:36.697790
134,Kathleen Sanders,kathleen.sanders@gmail.com,Nigeria,2025-05-09 10:37:08.472651
135,Kendra Galvan,kendra.galvan@gmail.com,Nigeria,2025-09-25 04:41:42.131419
136,Todd Perez,todd.perez@gmail.com,Nigeria,2023-08-02 15:51:56.148553
137,Derrick Lucas,derrick.lucas@gmail.com,Nigeria,2025-09-11 18:15:43.649161
138,Heather Robinson,heather.robinson@gmail.com,Nigeria,2025-01-31 19:39:28.965669
139,Tyler Sawyer,tyler.sawyer@gmail.com,Nigeria,2024-02-20 12:14:59.396818
140,Michael Ingram,michael.ingram@gmail.com,Nigeria,2024-03-26 16:42:22.564203
141,Dawn Watson,dawn.watson@gmail.com,Nigeria,2026-01-18 08:32:21.118105
142,Julie Morgan,julie.morgan@gmail.com,Nigeria,2026-04-11 13:06:49.223224
143,Victor Parker,victor.parker@gmail.com,Nigeria,2025-03-26 22:23:55.336155
144,Jordan Vargas,jordan.vargas@gmail.com,Nigeria,2026-02-03 14:30:37.007039
145,Brandon Peterson,brandon.peterson@gmail.com,Nigeria,2025-10-06 06:23:52.356381
146,Cheyenne Bryant,cheyenne.bryant@gmail.com,Nigeria,2024-09-25 23:53:24.898006
147,Christopher Reynolds,christopher.reynolds@gmail.com,Nigeria,2024-04-21 20:41:51.982236
148,Steven Lewis,steven.lewis@gmail.com,Nigeria,2023-12-06 10:59:51.076236
149,Patrick Olson,patrick.olson@gmail.com,Nigeria,2025-03-25 20:07:07.264247
150,Tammy Hardy,tammy.hardy@gmail.com,Nigeria,2025-03-14 10:09:32.265547
151,Logan Miller,logan.miller@gmail.com,Nigeria,2025-03-10 22:12:33.797314
152,Brian Reyes,brian.reyes@gmail.com,Nigeria,2026-03-01 16:59:36.969605
153,Manuel Livingston,manuel.livingston@gmail.com,Nigeria,2025-01-26 15:05:49.533225
154,Derek Trujillo,derek.trujillo@gmail.com,Nigeria,2024-07-24 23:28:27.054720
155,Mr. James Castro Jr.,mr..james.castro.jr.@gmail.com,Nigeria,2026-05-12 15:58:32.946399
156,Lori Martin,lori.martin@gmail.com,Nigeria,2025-09-30 12:23:26.053207
157,Kimberly Powell,kimberly.powell@gmail.com,Nigeria,2024-06-04 16:21:30.984873
158,Garrett Sims,garrett.sims@gmail.com,Nigeria,2024-07-15 15:09:36.829369
159,Luis Pham,luis.pham@gmail.com,Nigeria,2025-01-29 14:44:07.884972
160,Bruce Davis,bruce.davis@gmail.com,Nigeria,2024-11-11 16:34:55.119934
161,Alexandra Kent MD,alexandra.kent.md@gmail.com,Nigeria,2024-03-21 06:21:47.991898
162,Michael Lewis,michael.lewis@gmail.com,Nigeria,2024-12-26 13:22:09.734178
163,Daniel Ray,daniel.ray@gmail.com,Nigeria,2024-12-15 17:23:44.353991
164,Russell Rice,russell.rice@gmail.com,Nigeria,2024-11-01 17:09:03.583369
165,Zachary Herring Jr.,zachary.herring.jr.@gmail.com,Nigeria,2024-04-04 03:39:25.642083
166,Linda Osborne,linda.osborne@gmail.com,Nigeria,2026-04-15 05:01:24.891771
167,Amanda Berry,amanda.berry@gmail.com,Nigeria,2023-11-03 09:35:56.502742
168,Emily Brown,emily.brown@gmail.com,Nigeria,2024-04-14 12:03:07.247444
169,Bradley Leblanc MD,bradley.leblanc.md@gmail.com,Nigeria,2026-03-21 18:23:50.093262
170,Michael Ruiz,michael.ruiz@gmail.com,Nigeria,2024-08-15 04:36:34.443939
171,Alicia Stewart,alicia.stewart@gmail.com,Nigeria,2024-06-21 23:51:57.566972
172,Mark Medina,mark.medina@gmail.com,Nigeria,2025-01-21 04:26:24.045029
173,Matthew Howard,matthew.howard@gmail.com,Nigeria,2023-06-21 09:03:28.418894
174,Alex Smith,alex.smith@gmail.com,Nigeria,2025-09-29 03:48:19.549772
175,Linda Moss,linda.moss@gmail.com,Nigeria,2024-11-07 13:55:59.127037
176,Rebecca Barnes,rebecca.barnes@gmail.com,Nigeria,2024-11-03 02:40:28.464446
177,Ray Bradshaw,ray.bradshaw@gmail.com,Nigeria,2026-01-26 19:55:18.537340
178,Janet Rasmussen,janet.rasmussen@gmail.com,Nigeria,2025-01-30 17:39:20.578026
179,Pamela Mitchell,pamela.mitchell@gmail.com,Nigeria,2026-01-16 05:49:46.525811
180,Samantha Acosta,samantha.acosta@gmail.com,Nigeria,2025-11-05 23:41:26.223344
181,Erin Harris,erin.harris@gmail.com,Nigeria,2026-05-23 06:33:23.047404
182,Patricia Davis,patricia.davis@gmail.com,Nigeria,2025-05-10 05:44:13.503738
183,Jillian Kemp,jillian.kemp@gmail.com,Nigeria,2026-01-15 07:14:30.206191
184,David Todd,david.todd@gmail.com,Nigeria,2025-12-06 01:58:36.503451
185,Samantha Day,samantha.day@gmail.com,Nigeria,2025-04-13 12:52:23.443602
186,Tim Johnson,tim.johnson@gmail.com,Nigeria,2025-09-18 19:41:08.134107
187,Steven Moore,steven.moore@gmail.com,Nigeria,2025-08-06 17:55:49.909028
188,Melissa Acevedo,melissa.acevedo@gmail.com,Nigeria,2024-08-26 17:28:58.332851
189,Derek Nelson,derek.nelson@gmail.com,Nigeria,2026-02-15 17:55:02.205496
190,Eric Harmon,eric.harmon@gmail.com,Nigeria,2024-10-25 08:01:05.978473
191,Brian Schmitt,brian.schmitt@gmail.com,Nigeria,2024-09-08 01:58:24.920848
192,Sarah Aguirre,sarah.aguirre@gmail.com,Nigeria,2024-07-26 08:43:17.931076
193,Chad Webb,chad.webb@gmail.com,Nigeria,2024-03-30 18:37:30.578696
194,Casey Schmidt,casey.schmidt@gmail.com,Nigeria,2024-01-10 16:02:40.081169
195,Andrea Conner,andrea.conner@gmail.com,Nigeria,2024-01-28 04:06:37.742982
196,Garrett Tucker,garrett.tucker@gmail.com,Nigeria,2024-07-01 18:34:54.289824
197,Kathryn Cunningham,kathryn.cunningham@gmail.com,Nigeria,2024-10-06 05:55:42.370729
198,Nathan Hill,nathan.hill@gmail.com,Nigeria,2023-12-19 00:09:34.270307
199,Thomas Garner,thomas.garner@gmail.com,Nigeria,2026-05-25 17:45:53.858902
200,Jamie Mcgee,jamie.mcgee@gmail.com,Nigeria,2024-03-04 20:26:18.277526
201,Randall Henderson,randall.henderson@gmail.com,Nigeria,2025-10-07 14:33:37.590775
202,Amy Hardy,amy.hardy@gmail.com,Nigeria,2023-08-22 10:01:41.609045
203,Anthony Taylor,anthony.taylor@gmail.com,Nigeria,2023-06-24 08:26:34.008383
204,Leah Valencia PhD,leah.valencia.phd@gmail.com,Nigeria,2025-06-19 01:50:30.121119
205,Chase Jimenez,chase.jimenez@gmail.com,Nigeria,2025-11-09 20:51:19.076325
206,Tara Wheeler,tara.wheeler@gmail.com,Nigeria,2025-08-16 04:53:38.664294
207,Andrew Russell,andrew.russell@gmail.com,Nigeria,2025-07-28 02:26:27.976621
208,Lisa Woods,lisa.woods@gmail.com,Nigeria,2023-06-30 05:53:58.789576
209,Adam Olson,adam.olson@gmail.com,Nigeria,2023-11-16 02:09:31.210596
210,Joseph Wilson,joseph.wilson@gmail.com,Nigeria,2025-10-24 08:46:05.797604
211,John Gibbs,john.gibbs@gmail.com,Nigeria,2025-09-08 10:37:20.549872
212,Joseph Owens,joseph.owens@gmail.com,Nigeria,2026-02-06 05:58:00.391286
213,Jared Jones,jared.jones@gmail.com,Nigeria,2023-11-03 11:26:43.041209
214,Nicole Baxter,nicole.baxter@gmail.com,Nigeria,2025-11-23 20:54:43.190287
215,Jesse Brown,jesse.brown@gmail.com,Nigeria,2024-03-02 05:27:18.684362
216,Jeffery Bailey,jeffery.bailey@gmail.com,Nigeria,2025-03-16 00:45:34.360423
217,Elizabeth Kaufman,elizabeth.kaufman@gmail.com,Nigeria,2023-12-01 06:39:48.831972
218,Mr. Craig Burke,mr..craig.burke@gmail.com,Nigeria,2026-04-19 19:21:46.696507
219,Steven Houston,steven.houston@gmail.com,Nigeria,2023-12-28 03:22:15.490218
220,Brenda Morales,brenda.morales@gmail.com,Nigeria,2025-05-22 00:14:49.395969
221,Ellen Barnes,ellen.barnes@gmail.com,Nigeria,2025-12-11 02:58:33.016653
222,Kristen Sanchez,kristen.sanchez@gmail.com,Nigeria,2025-05-04 06:58:37.191828
223,Mark Walker,mark.walker@gmail.com,Nigeria,2024-03-24 03:19:09.170091
224,Tamara George,tamara.george@gmail.com,Nigeria,2024-05-14 11:25:28.426115
225,Benjamin Black,benjamin.black@gmail.com,Nigeria,2024-09-28 00:38:44.826152
226,Suzanne Espinoza,suzanne.espinoza@gmail.com,Nigeria,2024-07-25 10:56:18.078178
227,Samantha Carter,samantha.carter@gmail.com,Nigeria,2025-11-26 20:47:35.627677
228,Tammie Salinas,tammie.salinas@gmail.com,Nigeria,2026-02-11 06:43:59.607672
229,Michelle Gilbert,michelle.gilbert@gmail.com,Nigeria,2024-08-12 21:14:57.828730
230,William Buchanan,william.buchanan@gmail.com,Nigeria,2024-12-12 16:48:18.986431
231,Edward Harvey,edward.harvey@gmail.com,Nigeria,2023-08-16 11:56:17.197389
232,Michael Reyes,michael.reyes@gmail.com,Nigeria,2023-12-29 18:39:14.155269
233,Alex Hoffman,alex.hoffman@gmail.com,Nigeria,2023-07-04 23:44:02.726484
234,Mary Petty,mary.petty@gmail.com,Nigeria,2026-01-22 17:12:38.017986
235,Lance Jones,lance.jones@gmail.com,Nigeria,2023-10-21 02:03:41.981590
236,Mrs. Brenda Jackson DDS,mrs..brenda.jackson.dds@gmail.com,Nigeria,2025-10-11 13:06:47.927868
237,Garrett Gonzales,garrett.gonzales@gmail.com,Nigeria,2025-02-06 22:35:27.059919
238,Stephanie Rhodes,stephanie.rhodes@gmail.com,Nigeria,2025-06-22 05:32:18.103740
239,Robert Mason,robert.mason@gmail.com,Nigeria,2024-06-08 02:31:37.842924
240,Brian Robles,brian.robles@gmail.com,Nigeria,2025-06-25 11:02:52.276388
241,Penny Ortega,penny.ortega@gmail.com,Nigeria,2026-02-10 12:43:45.237551
242,Tiffany Dennis,tiffany.dennis@gmail.com,Nigeria,2024-07-08 10:50:08.387395
243,Lori Long,lori.long@gmail.com,Nigeria,2024-05-31 10:39:17.129132
244,Jonathan Hudson,jonathan.hudson@gmail.com,Nigeria,2024-08-18 01:37:39.388951
245,John Dixon,john.dixon@gmail.com,Nigeria,2025-07-25 02:58:25.226846
246,Richard Davis,richard.davis@gmail.com,Nigeria,2025-05-09 15:29:59.683895
247,Martha Marshall,martha.marshall@gmail.com,Nigeria,2023-09-05 12:55:43.589960
248,Russell Edwards MD,russell.edwards.md@gmail.com,Nigeria,2025-01-07 04:20:09.949130
249,Jonathan Greene,jonathan.greene@gmail.com,Nigeria,2025-02-20 15:17:18.210522
250,Jesse Moore,jesse.moore@gmail.com,Nigeria,2023-07-15 01:56:35.028269
251,Linda Morales,linda.morales@gmail.com,Nigeria,2023-07-07 10:15:48.255414
252,Deanna Munoz,deanna.munoz@gmail.com,Nigeria,2026-02-18 15:35:27.394073
253,Dr. Elizabeth Bell,dr..elizabeth.bell@gmail.com,Nigeria,2024-01-24 01:09:17.969110
254,Jacob Russell,jacob.russell@gmail.com,Nigeria,2024-11-17 07:17:49.113459
255,Joel Hardy,joel.hardy@gmail.com,Nigeria,2023-07-24 12:10:15.684683
256,Dwayne Mills,dwayne.mills@gmail.com,Nigeria,2024-02-28 12:27:53.294716
257,Casey Bullock,casey.bullock@gmail.com,Nigeria,2023-06-23 18:41:58.154044
258,Robert Cook DDS,robert.cook.dds@gmail.com,Nigeria,2023-07-11 05:23:42.379385
259,David Abbott Jr.,david.abbott.jr.@gmail.com,Nigeria,2025-03-25 02:59:16.580132
260,Mary Rowe,mary.rowe@gmail.com,Nigeria,2024-11-07 19:17:50.391939
261,Crystal Brooks,crystal.brooks@gmail.com,Nigeria,2026-03-11 14:12:38.960606
262,Valerie Young,valerie.young@gmail.com,Nigeria,2024-02-02 15:10:10.949317
263,Brian Brady,brian.brady@gmail.com,Nigeria,2024-08-07 21:28:47.976479
264,Earl Howe,earl.howe@gmail.com,Nigeria,2023-08-29 02:25:43.495384
265,Anthony Diaz,anthony.diaz@gmail.com,Nigeria,2026-04-01 16:32:06.394305
266,Tracie Payne,tracie.payne@gmail.com,Nigeria,2025-09-08 03:36:37.560331
267,David Miller,david.miller@gmail.com,Nigeria,2025-11-19 17:09:06.716800
268,Marvin Williams,marvin.williams@gmail.com,Nigeria,2023-08-25 08:47:49.253373
269,David Smith,david.smith@gmail.com,Nigeria,2024-03-17 00:14:10.369112
270,Paul Leach,paul.leach@gmail.com,,2025-01-25 19:00:49.872044
271,Michael Mejia,michael.mejia@gmail.com,Nigeria,2024-08-29 02:43:56.458270
272,Robin Henry,robin.henry@gmail.com,Nigeria,2025-02-27 04:30:18.128992
273,Cynthia Walsh,cynthia.walsh@gmail.com,Nigeria,2024-02-24 09:58:36.087592
274,Catherine Love,catherine.love@gmail.com,Nigeria,2025-08-29 16:15:43.604339
275,Elizabeth Williams,elizabeth.williams@gmail.com,Nigeria,2025-11-09 13:22:05.080446
276,Stephanie Jones,stephanie.jones@gmail.com,Nigeria,2026-04-19 06:00:27.830426
277,Candice Washington,candice.washington@gmail.com,Nigeria,2023-10-09 03:51:28.118380
278,Antonio Dawson,antonio.dawson@gmail.com,Nigeria,2024-06-06 15:25:02.720605
279,Julie Hernandez,julie.hernandez@gmail.com,Nigeria,2024-03-05 17:48:22.551937
280,Christopher Wade,christopher.wade@gmail.com,Nigeria,2025-02-26 18:35:35.605993
281,Mrs. Linda Edwards,mrs..linda.edwards@gmail.com,Nigeria,2024-04-02 09:37:01.393421
282,Brian Bell,brian.bell@gmail.com,Nigeria,2024-12-09 22:09:18.666733
283,Margaret Bowman,margaret.bowman@gmail.com,Nigeria,2026-03-28 09:18:55.687978
284,Victoria Leonard,victoria.leonard@gmail.com,Nigeria,2024-09-06 23:25:53.699752
285,Daniel Jacobson,daniel.jacobson@gmail.com,Nigeria,2025-03-24 22:31:40.643549
286,Jose Smith,jose.smith@gmail.com,Nigeria,2026-05-08 04:29:16.301755
287,Nicole Walker,nicole.walker@gmail.com,Nigeria,2026-03-29 06:38:58.750130
288,Brian Smith,brian.smith@gmail.com,Nigeria,2025-03-07 07:42:33.169891
289,Heather Barnett MD,heather.barnett.md@gmail.com,Nigeria,2024-07-02 07:16:03.779197
290,Krista Wilkins,krista.wilkins@gmail.com,Nigeria,2025-01-03 13:44:22.829376
291,Andrew Le,andrew.le@gmail.com,,2025-07-07 12:06:22.707424
292,Melissa Baker,melissa.baker@gmail.com,Nigeria,2024-05-20 21:26:20.094511
293,James Leonard,james.leonard@gmail.com,Nigeria,2025-02-18 18:29:25.896177
294,James Wilson,james.wilson@gmail.com,Nigeria,2023-10-15 19:17:03.053481
295,Kristin Taylor,kristin.taylor@gmail.com,Nigeria,2023-09-18 13:35:14.664196
296,Stanley Williams,stanley.williams@gmail.com,Nigeria,2026-01-03 10:47:21.656256
297,William Rodriguez,william.rodriguez@gmail.com,Nigeria,2025-01-22 12:03:34.845088
298,Tracy Owens,tracy.owens@gmail.com,,2024-09-04 11:04:21.222860
299,Brian Brewer,brian.brewer@gmail.com,Nigeria,2025-06-18 15:01:07.519583
300,Virginia Arroyo,virginia.arroyo@gmail.com,Nigeria,2024-03-23 12:33:34.699017
301,Gabrielle Meza,gabrielle.meza@gmail.com,Nigeria,2025-05-08 18:50:01.681278
302,Matthew Richmond,matthew.richmond@gmail.com,Nigeria,2025-01-07 16:45:40.337432
303,Stephen Martin,stephen.martin@gmail.com,Nigeria,2024-02-10 05:01:16.639810
304,Jacob Ochoa,jacob.ochoa@gmail.com,Nigeria,2024-05-22 08:16:47.756097
305,Danielle Hill,danielle.hill@gmail.com,Nigeria,2025-09-11 08:15:48.681511
306,Heather White,heather.white@gmail.com,Nigeria,2023-07-25 16:59:44.965451
307,David Scott,david.scott@gmail.com,Nigeria,2025-09-05 02:39:23.509309
308,Christopher Smith,christopher.smith@gmail.com,Nigeria,2026-05-07 00:52:57.599154
309,Timothy Bradshaw,timothy.bradshaw@gmail.com,Nigeria,2024-05-31 23:48:01.104567
310,Samantha Morales,samantha.morales@gmail.com,Nigeria,2026-04-07 13:19:36.541290
311,William Drake,william.drake@gmail.com,Nigeria,2026-04-20 00:03:52.960899
312,Loretta Hunter,loretta.hunter@gmail.com,Nigeria,2025-09-18 23:56:23.151184
313,Leslie Foster,leslie.foster@gmail.com,Nigeria,2024-03-06 04:10:43.442016
314,Ms. Cynthia Bell DVM,ms..cynthia.bell.dvm@gmail.com,Nigeria,2026-03-08 14:57:06.889281
315,Derek Zamora,derek.zamora@gmail.com,Nigeria,2023-09-11 02:54:27.690249
316,Joshua Phillips,joshua.phillips@gmail.com,Nigeria,2024-02-26 02:33:15.137236
317,Patricia Brown,patricia.brown@gmail.com,Nigeria,2024-09-08 15:55:39.293166
318,Miguel Gregory,miguel.gregory@gmail.com,Nigeria,2025-07-09 03:14:33.908589
319,Todd Perez,todd.perez@gmail.com,Nigeria,2026-02-10 05:39:40.928323
320,Christopher Keith,christopher.keith@gmail.com,Nigeria,2026-03-21 09:03:05.235315
321,Marcus Hickman,marcus.hickman@gmail.com,Nigeria,2024-10-08 04:43:17.883021
322,Jeffrey Jenkins,jeffrey.jenkins@gmail.com,Nigeria,2023-06-09 08:51:44.351944
323,Brittany Ward,brittany.ward@gmail.com,Nigeria,2024-06-29 10:12:07.048145
324,Christian Johnson,christian.johnson@gmail.com,Nigeria,2024-11-17 11:51:55.529416
325,Allison Butler MD,allison.butler.md@gmail.com,,2025-01-24 06:58:21.785044
326,Juan Harris,juan.harris@gmail.com,Nigeria,2026-05-22 23:15:41.018131
327,Jamie Hartman,jamie.hartman@gmail.com,Nigeria,2024-10-17 04:31:17.314449
328,Christopher Bond,christopher.bond@gmail.com,Nigeria,2024-12-19 23:47:35.424991
329,John Tate,john.tate@gmail.com,Nigeria,2024-02-07 00:38:21.222757
330,Jackie Alexander,jackie.alexander@gmail.com,Nigeria,2023-10-25 21:05:04.365582
331,Amber Lozano,amber.lozano@gmail.com,Nigeria,2024-01-29 20:01:43.913720
332,Raymond Howard,raymond.howard@gmail.com,Nigeria,2024-03-03 23:17:57.530047
333,Alex Ramirez,alex.ramirez@gmail.com,Nigeria,2026-05-02 17:57:54.762658
334,Deborah Alexander,deborah.alexander@gmail.com,Nigeria,2024-01-26 20:33:14.495081
335,Anthony Herring,anthony.herring@gmail.com,Nigeria,2026-04-15 13:54:31.061612
336,Amy Kim,amy.kim@gmail.com,Nigeria,2023-06-17 02:41:55.245415
337,Chelsea Diaz,chelsea.diaz@gmail.com,Nigeria,2024-08-20 23:31:30.782048
338,Walter Martinez,walter.martinez@gmail.com,Nigeria,2024-02-04 09:04:02.436320
339,Jeff Pacheco,jeff.pacheco@gmail.com,Nigeria,2023-07-31 00:37:23.334582
340,Steven Brown,steven.brown@gmail.com,Nigeria,2023-07-11 20:32:42.010488
341,Steven Jordan,steven.jordan@gmail.com,Nigeria,2025-04-11 00:49:51.253535
342,Melissa Roberts,melissa.roberts@gmail.com,Nigeria,2026-04-17 16:40:06.873738
343,Katelyn Clark,katelyn.clark@gmail.com,,2025-09-17 12:37:15.222062
344,Brittany Simmons,brittany.simmons@gmail.com,Nigeria,2023-12-16 03:36:46.744408
345,James Martinez,james.martinez@gmail.com,Nigeria,2025-04-01 18:27:36.799898
346,Madison Gray,madison.gray@gmail.com,Nigeria,2024-01-20 05:37:33.598392
347,Jerry Harrison,jerry.harrison@gmail.com,Nigeria,2023-09-13 20:32:04.736769
348,Patricia Holmes,patricia.holmes@gmail.com,Nigeria,2025-12-13 16:19:06.585404
349,Danielle Booth,danielle.booth@gmail.com,Nigeria,2025-03-30 19:13:14.058789
350,Jane Bird,jane.bird@gmail.com,Nigeria,2023-10-24 18:06:20.097947
351,Daniel King,daniel.king@gmail.com,Nigeria,2026-05-21 02:52:03.517998
352,Sergio Jackson,sergio.jackson@gmail.com,Nigeria,2023-07-09 04:34:44.869082
353,Antonio Chavez,antonio.chavez@gmail.com,Nigeria,2025-11-13 15:18:40.267275
354,Alexander Soto,alexander.soto@gmail.com,Nigeria,2023-11-13 20:18:48.763967
355,Mr. Alex Petersen,mr..alex.petersen@gmail.com,Nigeria,2024-09-12 18:38:23.088418
356,Mark Figueroa DDS,mark.figueroa.dds@gmail.com,Nigeria,2025-03-24 13:03:15.434753
357,Courtney Evans,courtney.evans@gmail.com,Nigeria,2024-02-04 00:05:22.884068
358,James Alexander,james.alexander@gmail.com,Nigeria,2023-11-19 18:34:03.471019
359,John Hansen,john.hansen@gmail.com,Nigeria,2024-09-24 12:44:29.238725
360,James Harris,james.harris@gmail.com,Nigeria,2024-04-23 21:37:16.194456
361,Nicholas Sanchez,nicholas.sanchez@gmail.com,Nigeria,2023-08-15 12:40:36.503592
362,Stephanie Rhodes,stephanie.rhodes@gmail.com,Nigeria,2024-08-11 07:43:42.811294
363,Robert Hester,robert.hester@gmail.com,Nigeria,2024-12-30 01:10:46.735649
364,Anthony Torres,anthony.torres@gmail.com,Nigeria,2024-07-03 06:19:07.278688
365,Lindsay Simpson,lindsay.simpson@gmail.com,Nigeria,2024-01-17 04:29:40.208589
366,Brenda Poole,brenda.poole@gmail.com,Nigeria,2024-07-31 20:37:10.582188
367,John Rodriguez,john.rodriguez@gmail.com,Nigeria,2026-04-11 15:53:58.322251
368,Andrew Mccall,andrew.mccall@gmail.com,Nigeria,2024-02-14 17:14:17.522532
369,Angel Rose,angel.rose@gmail.com,,2024-05-17 13:00:03.990767
370,Tammy Jackson,tammy.jackson@gmail.com,Nigeria,2023-06-06 09:01:13.255243
371,Timothy Jones,timothy.jones@gmail.com,Nigeria,2024-06-12 09:22:41.204017
372,Catherine Moore,catherine.moore@gmail.com,Nigeria,2024-12-17 23:09:42.295068
373,Taylor Harrison,taylor.harrison@gmail.com,Nigeria,2024-09-02 06:53:23.580973
374,Jeremy Leblanc,jeremy.leblanc@gmail.com,Nigeria,2023-12-04 15:36:17.563284
375,Antonio Mullins,antonio.mullins@gmail.com,Nigeria,2024-03-22 19:38:56.259830
376,Alexis Campbell,alexis.campbell@gmail.com,Nigeria,2025-11-14 02:26:56.498674
377,Nathan Dunn,nathan.dunn@gmail.com,Nigeria,2026-03-25 11:30:14.815142
378,Ryan Sanchez,ryan.sanchez@gmail.com,Nigeria,2024-07-01 20:06:39.318652
379,Jacob Adams,jacob.adams@gmail.com,Nigeria,2025-09-18 08:53:22.445167
380,Devin Castaneda,devin.castaneda@gmail.com,Nigeria,2026-05-19 16:05:30.106327
381,Jessica Richardson,jessica.richardson@gmail.com,Nigeria,2025-02-28 06:54:47.889919
382,Whitney Morgan,whitney.morgan@gmail.com,Nigeria,2025-06-11 06:37:55.182651
383,Martin Phillips,martin.phillips@gmail.com,Nigeria,2023-10-09 23:46:45.452798
384,Danielle Allen,danielle.allen@gmail.com,Nigeria,2024-07-04 00:05:20.504279
385,Deborah Johnson,deborah.johnson@gmail.com,Nigeria,2024-04-01 04:26:18.241408
386,Julia Bullock,julia.bullock@gmail.com,Nigeria,2025-02-09 03:10:05.431443
387,Brian Calhoun,brian.calhoun@gmail.com,Nigeria,2025-07-02 08:44:27.416561
388,Gwendolyn Stevens MD,gwendolyn.stevens.md@gmail.com,Nigeria,2024-12-31 12:22:27.430425
389,Austin Cook,austin.cook@gmail.com,Nigeria,2026-01-20 05:22:01.038350
390,Mary Smith,mary.smith@gmail.com,Nigeria,2025-08-02 21:08:48.909228
391,Ryan Frazier,ryan.frazier@gmail.com,Nigeria,2023-09-26 20:53:43.809835
392,Kevin Garcia,kevin.garcia@gmail.com,Nigeria,2025-05-22 14:37:14.747278
393,Dawn Barber,dawn.barber@gmail.com,Nigeria,2023-09-17 15:44:44.901237
394,Donald Clark,donald.clark@gmail.com,Nigeria,2026-01-08 12:26:25.015240
395,Kimberly Moore,kimberly.moore@gmail.com,,2023-06-15 19:29:31.482524
396,Teresa Holmes,teresa.holmes@gmail.com,Nigeria,2026-03-29 16:08:11.816513
397,Catherine Rowe,catherine.rowe@gmail.com,Nigeria,2023-06-28 09:21:47.550595
398,Dennis Patton,dennis.patton@gmail.com,Nigeria,2025-01-20 00:42:44.527339
399,Peter Castaneda,peter.castaneda@gmail.com,Nigeria,2023-06-17 16:43:08.568781
400,Kelsey Stewart,kelsey.stewart@gmail.com,Nigeria,2025-03-16 16:00:01.828536
401,David Williams,david.williams@gmail.com,Nigeria,2024-11-28 14:19:48.543029
402,Kevin Owen,kevin.owen@gmail.com,Nigeria,2024-04-14 11:58:23.435902
403,Alexis Duncan,alexis.duncan@gmail.com,Nigeria,2025-09-30 14:25:56.977314
404,Ashley Robbins,ashley.robbins@gmail.com,Nigeria,2024-07-13 19:23:03.711056
405,Christina Booker,christina.booker@gmail.com,Nigeria,2024-10-08 22:14:16.646944
406,Mark Wright,mark.wright@gmail.com,Nigeria,2025-07-14 06:14:14.612134
407,Luis Mitchell,luis.mitchell@gmail.com,Nigeria,2025-12-14 03:53:44.774575
408,Monique Rivera,monique.rivera@gmail.com,Nigeria,2025-08-30 10:45:59.352169
409,Lauren Vasquez,lauren.vasquez@gmail.com,Nigeria,2024-03-03 00:09:02.915862
410,Hector Stone,hector.stone@gmail.com,Nigeria,2023-12-07 06:22:22.204528
411,Matthew Rosario,matthew.rosario@gmail.com,Nigeria,2024-07-17 12:17:45.990666
412,Nicholas Henry,nicholas.henry@gmail.com,Nigeria,2025-05-28 08:15:45.819032
413,Jennifer Harrell,jennifer.harrell@gmail.com,Nigeria,2025-12-18 03:59:59.731488
414,Patricia Johnson,patricia.johnson@gmail.com,Nigeria,2025-06-14 09:01:52.291784
415,Jessica Curtis,jessica.curtis@gmail.com,Nigeria,2024-01-15 20:23:01.640838
416,Dean Reynolds,dean.reynolds@gmail.com,,2023-07-08 21:51:24.916937
417,Samantha Miller,samantha.miller@gmail.com,Nigeria,2023-09-07 23:43:17.941411
418,Danny Padilla DVM,danny.padilla.dvm@gmail.com,Nigeria,2025-03-20 05:43:38.157355
419,Melissa Patterson,melissa.patterson@gmail.com,Nigeria,2024-05-17 13:55:12.686061
420,Virginia Bishop,virginia.bishop@gmail.com,Nigeria,2023-06-23 17:53:06.218596
421,Thomas Cole,thomas.cole@gmail.com,Nigeria,2023-09-06 10:47:31.135188
422,Kathryn Oneill,kathryn.oneill@gmail.com,Nigeria,2026-04-10 22:58:40.776100
423,Patricia West,patricia.west@gmail.com,Nigeria,2025-09-03 09:39:05.254006
424,Brenda Davis,brenda.davis@gmail.com,Nigeria,2023-08-19 18:12:26.494961
425,Derrick Lee,derrick.lee@gmail.com,Nigeria,2023-09-28 14:09:35.554138
426,Eric Higgins,eric.higgins@gmail.com,Nigeria,2023-11-06 15:05:41.559114
427,John Atkinson,john.atkinson@gmail.com,Nigeria,2025-11-02 20:39:34.544943
428,Paul Harris Jr.,paul.harris.jr.@gmail.com,,2024-02-20 23:19:01.433609
429,Douglas Anderson,douglas.anderson@gmail.com,Nigeria,2023-09-13 11:37:45.362788
430,Joshua Tanner,joshua.tanner@gmail.com,Nigeria,2026-01-10 16:01:41.115206
431,Danielle Ritter,danielle.ritter@gmail.com,Nigeria,2025-07-20 20:18:36.346275
432,Alison Rodriguez,alison.rodriguez@gmail.com,Nigeria,2025-08-13 03:40:59.815382
433,Henry Rivera,henry.rivera@gmail.com,Nigeria,2024-12-08 20:00:52.980749
434,Samantha Allen,samantha.allen@gmail.com,Nigeria,2025-04-17 04:00:24.374307
435,Richard Washington,richard.washington@gmail.com,Nigeria,2026-02-14 14:45:24.733759
436,Vicki Johnson,vicki.johnson@gmail.com,Nigeria,2025-01-27 02:15:00.883913
437,Shannon Rodgers,shannon.rodgers@gmail.com,Nigeria,2024-10-29 05:13:49.355457
438,Steven Franklin,steven.franklin@gmail.com,Nigeria,2025-02-13 14:45:55.813084
439,Steven Floyd,steven.floyd@gmail.com,Nigeria,2025-03-14 13:01:46.229239
440,Adam Freeman,adam.freeman@gmail.com,Nigeria,2025-05-24 16:32:41.715577
441,Stacey Anderson,stacey.anderson@gmail.com,Nigeria,2024-11-13 17:27:20.219945
442,Rachel Schultz,rachel.schultz@gmail.com,Nigeria,2024-09-14 18:57:46.793159
443,Sean Harrell,sean.harrell@gmail.com,Nigeria,2025-03-27 01:03:26.253655
444,Todd Garrison,todd.garrison@gmail.com,Nigeria,2023-08-15 07:55:51.471284
445,Lisa Sandoval,lisa.sandoval@gmail.com,Nigeria,2024-04-04 21:17:53.312324
446,Chase Harris,chase.harris@gmail.com,Nigeria,2025-06-03 15:01:46.135752
447,Philip Garrett,philip.garrett@gmail.com,Nigeria,2024-11-02 20:28:09.184364
448,Kathryn Watson,kathryn.watson@gmail.com,Nigeria,2024-09-07 07:12:14.519638
449,Kenneth Clark,kenneth.clark@gmail.com,Nigeria,2024-06-13 14:56:20.758393
450,Marcus Cameron,marcus.cameron@gmail.com,Nigeria,2026-02-13 15:55:39.535499
451,Mark Ellis,mark.ellis@gmail.com,Nigeria,2024-02-01 21:49:31.665163
452,Mark Gomez,mark.gomez@gmail.com,Nigeria,2023-10-26 13:22:55.734991
453,Maria Huff,maria.huff@gmail.com,Nigeria,2023-08-22 07:11:17.281313
454,Daniel Gilbert,daniel.gilbert@gmail.com,Nigeria,2026-05-14 18:44:45.455194
455,Michael Barnes,michael.barnes@gmail.com,Nigeria,2026-05-03 06:55:26.731330
456,David Francis,david.francis@gmail.com,Nigeria,2026-05-17 04:23:35.159122
457,Phillip Hernandez,phillip.hernandez@gmail.com,Nigeria,2025-02-12 08:30:29.300210
458,Corey Rodriguez,corey.rodriguez@gmail.com,Nigeria,2024-11-17 21:07:09.465155
459,Dana Hernandez,dana.hernandez@gmail.com,Nigeria,2026-04-12 14:47:36.087437
460,Dennis Boyle,dennis.boyle@gmail.com,Nigeria,2025-11-17 21:53:21.436341
461,Julia Shaw,julia.shaw@gmail.com,Nigeria,2024-01-25 14:55:24.426465
462,Dr. James Perez,dr..james.perez@gmail.com,Nigeria,2025-05-18 07:01:13.826345
463,Elizabeth Young,elizabeth.young@gmail.com,Nigeria,2023-12-08 10:12:30.922684
464,Daniel Mcguire,daniel.mcguire@gmail.com,Nigeria,2024-12-14 04:26:38.764707
465,Jacob Shaw,jacob.shaw@gmail.com,Nigeria,2023-12-01 16:45:22.036559
466,Kristopher King,kristopher.king@gmail.com,Nigeria,2023-10-08 07:20:31.570465
467,Katherine Mason,katherine.mason@gmail.com,Nigeria,2025-03-04 08:38:39.832259
468,Mrs. Hannah Torres,mrs..hannah.torres@gmail.com,Nigeria,2026-04-21 02:43:39.285374
469,Shannon Reed,shannon.reed@gmail.com,Nigeria,2025-07-06 23:22:30.486810
470,Richard Sherman,richard.sherman@gmail.com,Nigeria,2024-12-30 04:20:37.687644
471,Vincent Williams,vincent.williams@gmail.com,Nigeria,2023-07-02 15:35:10.813725
472,John Kirby,john.kirby@gmail.com,Nigeria,2023-11-14 13:44:49.427694
473,Darryl Benson,darryl.benson@gmail.com,Nigeria,2025-02-20 13:54:07.004919
474,Barbara Bender,barbara.bender@gmail.com,Nigeria,2025-12-14 21:54:59.633108
475,Laura Lindsey,laura.lindsey@gmail.com,Nigeria,2024-09-15 16:53:47.360086
476,Stacey Juarez,stacey.juarez@gmail.com,Nigeria,2024-02-19 01:45:57.939803
477,Kimberly Thomas,kimberly.thomas@gmail.com,Nigeria,2024-02-13 10:35:16.552875
478,Ryan Foster,ryan.foster@gmail.com,Nigeria,2024-04-24 02:23:10.249878
479,Matthew Butler,matthew.butler@gmail.com,Nigeria,2024-08-02 22:42:11.625374
480,Karen Mooney,karen.mooney@gmail.com,Nigeria,2025-02-16 05:14:40.358083
481,Brooke Cook,brooke.cook@gmail.com,Nigeria,2025-02-06 10:21:35.306839
482,Deborah Stevens,deborah.stevens@gmail.com,,2024-06-13 05:46:24.491503
483,Jennifer Small,jennifer.small@gmail.com,Nigeria,2024-04-21 09:48:57.756424
484,Erin Nolan,erin.nolan@gmail.com,Nigeria,2026-03-20 13:41:35.121665
485,Melissa Neal,melissa.neal@gmail.com,Nigeria,2025-08-25 04:56:25.814063
486,Brandon Ryan,brandon.ryan@gmail.com,Nigeria,2025-08-30 20:50:30.467301
487,Daniel White,daniel.white@gmail.com,Nigeria,2024-07-25 15:45:14.108369
488,Alex Santiago,alex.santiago@gmail.com,Nigeria,2025-05-13 07:51:44.014292
489,Emily Brown,emily.brown@gmail.com,Nigeria,2025-04-05 07:25:29.300631
490,Amy Powell,amy.powell@gmail.com,Nigeria,2025-12-14 13:10:14.330065
491,Tammy Tucker,tammy.tucker@gmail.com,Nigeria,2024-09-27 05:28:47.267958
492,Stephen Schneider,stephen.schneider@gmail.com,Nigeria,2024-02-19 12:35:47.363498
493,George Ferguson,george.ferguson@gmail.com,Nigeria,2023-09-30 21:29:11.801804
494,Denise Navarro,denise.navarro@gmail.com,,2023-08-18 03:31:09.567198
495,David Thompson,david.thompson@gmail.com,Nigeria,2025-03-16 15:18:59.533923
496,Dana Alvarado,dana.alvarado@gmail.com,Nigeria,2024-09-20 22:35:27.981700
497,Angela Macdonald,angela.macdonald@gmail.com,Nigeria,2025-08-07 20:15:50.943047
498,Joshua Clark,joshua.clark@gmail.com,Nigeria,2023-09-14 12:38:47.524974
499,Robert Carr,robert.carr@gmail.com,Nigeria,2026-04-23 12:16:21.348279
500,Valerie Bryant,valerie.bryant@gmail.com,Nigeria,2025-02-09 15:25:56.080331
501,Jesus Anderson,jesus.anderson@gmail.com,Nigeria,2025-06-26 22:01:54.567792
502,Jessica Thompson,jessica.thompson@gmail.com,,2025-12-29 22:45:50.651019
503,Anthony Murphy,anthony.murphy@gmail.com,Nigeria,2025-10-20 22:12:13.788958
504,William Davis,william.davis@gmail.com,Nigeria,2024-12-31 23:51:09.359471
505,Cody Johnson,cody.johnson@gmail.com,,2025-11-06 02:22:44.101307
506,Heather Lopez,heather.lopez@gmail.com,Nigeria,2023-12-15 12:00:07.862706
507,Stephen Melton,stephen.melton@gmail.com,Nigeria,2024-02-23 04:36:30.728929
508,David Robinson,david.robinson@gmail.com,Nigeria,2026-02-26 07:35:50.861348
509,Sherri Carson,sherri.carson@gmail.com,Nigeria,2023-12-12 07:59:10.404626
510,Calvin Collins,calvin.collins@gmail.com,Nigeria,2025-07-25 18:58:32.632293
511,Erika Walton,erika.walton@gmail.com,Nigeria,2024-06-25 02:55:49.140729
512,Chelsea Robbins,chelsea.robbins@gmail.com,Nigeria,2023-12-23 05:00:11.573447
513,Diana Walters,diana.walters@gmail.com,Nigeria,2024-03-17 18:05:24.935456
514,Jose Strickland,jose.strickland@gmail.com,Nigeria,2024-04-07 03:41:44.578729
515,Richard Warren,richard.warren@gmail.com,Nigeria,2024-12-05 04:35:42.092779
516,Stephanie Roman,stephanie.roman@gmail.com,Nigeria,2024-08-23 10:33:47.318726
517,Caleb Richards,caleb.richards@gmail.com,Nigeria,2024-12-20 17:04:13.825165
518,John Smith,john.smith@gmail.com,Nigeria,2025-07-08 13:54:25.019962
519,Melinda Taylor,melinda.taylor@gmail.com,,2024-07-11 11:10:37.714720
520,Shelley Greene,shelley.greene@gmail.com,Nigeria,2025-05-18 19:42:53.362848
521,Lori Williams,lori.williams@gmail.com,Nigeria,2023-10-17 14:39:28.956888
522,Jacob Fowler,jacob.fowler@gmail.com,Nigeria,2024-02-07 18:01:46.589221
523,Derrick Blair,derrick.blair@gmail.com,Nigeria,2024-04-13 05:00:57.699108
524,April Ortega,april.ortega@gmail.com,Nigeria,2025-08-08 01:54:45.831685
525,Benjamin Schneider,benjamin.schneider@gmail.com,Nigeria,2023-10-28 06:26:42.755316
526,Justin Barber,justin.barber@gmail.com,Nigeria,2025-07-29 16:33:31.545396
527,Philip Howard,philip.howard@gmail.com,Nigeria,2023-08-05 05:37:10.080003
528,James Barnett,james.barnett@gmail.com,Nigeria,2025-08-05 15:28:20.490971
529,Carrie Campbell,carrie.campbell@gmail.com,,2023-11-05 00:38:05.429788
530,Larry Henson,larry.henson@gmail.com,Nigeria,2025-01-14 04:57:57.240628
531,Dr. Cathy Cain MD,dr..cathy.cain.md@gmail.com,Nigeria,2024-01-01 20:38:28.778358
532,Rebecca Johnson,rebecca.johnson@gmail.com,Nigeria,2025-07-31 09:51:33.079156
533,Elizabeth Rodriguez,elizabeth.rodriguez@gmail.com,Nigeria,2026-01-14 22:47:36.962306
534,Michael Herman,michael.herman@gmail.com,Nigeria,2025-03-31 22:54:15.998651
535,Shane Vasquez,shane.vasquez@gmail.com,Nigeria,2024-01-04 02:24:07.775223
536,Angelica Brown,angelica.brown@gmail.com,Nigeria,2025-08-12 11:11:01.752474
537,Mr. Joseph Jones,mr..joseph.jones@gmail.com,Nigeria,2025-12-24 19:27:43.580382
538,Valerie Nelson PhD,valerie.nelson.phd@gmail.com,Nigeria,2024-04-26 00:07:34.867525
539,Victor Dixon,victor.dixon@gmail.com,Nigeria,2024-10-10 05:55:49.186464
540,Sydney Lee,sydney.lee@gmail.com,Nigeria,2024-09-18 18:01:18.700423
541,Morgan Ellis,morgan.ellis@gmail.com,Nigeria,2024-11-25 06:59:02.093556
542,Dr. Javier Hunt,dr..javier.hunt@gmail.com,Nigeria,2024-01-20 19:59:45.379298
543,Nathan Gallagher,nathan.gallagher@gmail.com,Nigeria,2024-12-26 01:04:30.363312
544,Henry Hill,henry.hill@gmail.com,,2025-01-06 16:33:02.233446
545,James Dawson,james.dawson@gmail.com,Nigeria,2025-09-04 13:18:17.784349
546,Jacqueline Roberts,jacqueline.roberts@gmail.com,Nigeria,2023-07-28 20:44:19.809674
547,Michael Patterson,michael.patterson@gmail.com,Nigeria,2025-09-01 17:38:40.512725
548,Brent Costa,brent.costa@gmail.com,Nigeria,2024-11-19 13:08:23.191243
549,Brian Daugherty,brian.daugherty@gmail.com,Nigeria,2023-08-30 16:16:22.485979
550,Kenneth Montgomery,kenneth.montgomery@gmail.com,Nigeria,2025-10-25 12:31:22.259292
551,Amanda Love,amanda.love@gmail.com,Nigeria,2025-10-23 13:28:08.590846
552,Kimberly Kim,kimberly.kim@gmail.com,Nigeria,2023-09-06 11:33:08.724998
553,Donna Bauer,donna.bauer@gmail.com,Nigeria,2023-07-10 00:25:46.426916
554,Rebecca Smith,rebecca.smith@gmail.com,Nigeria,2025-12-04 03:29:17.519316
555,Jennifer Carey,jennifer.carey@gmail.com,Nigeria,2023-10-24 23:11:02.180593
556,Shelley White,shelley.white@gmail.com,Nigeria,2023-07-29 13:02:43.289384
557,Tracy Weber,tracy.weber@gmail.com,Nigeria,2025-10-15 21:25:31.990475
558,Summer Riley,summer.riley@gmail.com,Nigeria,2024-03-05 00:29:50.717113
559,Austin Henson,austin.henson@gmail.com,Nigeria,2026-01-26 16:40:56.508660
560,Sean Welch,sean.welch@gmail.com,Nigeria,2023-10-03 07:06:20.900228
561,James Faulkner,james.faulkner@gmail.com,Nigeria,2023-07-29 08:57:42.657055
562,Ricardo Conner,ricardo.conner@gmail.com,Nigeria,2025-05-22 15:26:12.210564
563,Samuel Robinson,samuel.robinson@gmail.com,Nigeria,2024-05-02 21:31:36.775503
564,Natalie Rosales,natalie.rosales@gmail.com,Nigeria,2026-02-24 17:58:08.179222
565,Amanda Parker,amanda.parker@gmail.com,Nigeria,2024-10-27 10:05:26.751017
566,Emily Gray,emily.gray@gmail.com,Nigeria,2025-07-26 07:45:44.337877
567,Kimberly Jennings,kimberly.jennings@gmail.com,Nigeria,2025-02-23 14:17:07.389555
568,Shawn Perry,shawn.perry@gmail.com,Nigeria,2024-10-30 15:39:59.876381
569,Megan Walters,megan.walters@gmail.com,Nigeria,2025-02-27 00:37:41.673731
570,Michael Meza,michael.meza@gmail.com,Nigeria,2023-11-04 18:02:05.746234
571,Melissa Hernandez,melissa.hernandez@gmail.com,Nigeria,2026-05-08 10:26:51.886525
572,Stephen Sharp,stephen.sharp@gmail.com,Nigeria,2025-04-29 12:49:45.084772
573,Julia Copeland,julia.copeland@gmail.com,Nigeria,2026-05-13 18:22:11.066559
574,Christina Conner,christina.conner@gmail.com,Nigeria,2025-11-18 23:43:20.802545
575,Patrick Smith,patrick.smith@gmail.com,Nigeria,2025-01-28 09:05:19.388246
576,Miguel Anderson,miguel.anderson@gmail.com,Nigeria,2026-05-11 10:00:50.337369
577,Evelyn Frye,evelyn.frye@gmail.com,Nigeria,2024-04-18 08:49:09.177589
578,Janice Scott,janice.scott@gmail.com,Nigeria,2023-09-16 05:58:55.515252
579,Barbara Campos,barbara.campos@gmail.com,Nigeria,2024-08-09 05:59:47.944065
580,Kenneth Gregory,kenneth.gregory@gmail.com,Nigeria,2023-10-31 00:56:38.910259
581,Theresa Simpson,theresa.simpson@gmail.com,Nigeria,2024-03-17 16:33:53.040918
582,Melissa Campbell,melissa.campbell@gmail.com,Nigeria,2024-08-04 03:13:53.510942
583,Ricky Holder,ricky.holder@gmail.com,Nigeria,2026-05-13 17:39:12.475018
584,Brian White,brian.white@gmail.com,Nigeria,2025-07-19 20:16:07.183699
585,Lindsay Gardner,lindsay.gardner@gmail.com,Nigeria,2026-01-27 23:11:30.568609
586,Melinda Wong,melinda.wong@gmail.com,Nigeria,2026-04-20 05:03:49.889256
587,Brandon Todd,brandon.todd@gmail.com,Nigeria,2023-09-22 19:36:31.176912
588,Jessica Pacheco,jessica.pacheco@gmail.com,Nigeria,2024-06-15 21:45:26.952538
589,Justin Adkins,justin.adkins@gmail.com,Nigeria,2025-09-24 18:42:19.868262
590,Danielle Buck,danielle.buck@gmail.com,,2024-07-18 11:26:07.353997
591,David Ritter,david.ritter@gmail.com,Nigeria,2025-02-09 08:11:11.840906
592,Michael Huffman,michael.huffman@gmail.com,Nigeria,2024-04-12 13:21:47.174344
593,Laura Mitchell,laura.mitchell@gmail.com,Nigeria,2024-12-10 08:11:05.289647
594,Darlene Smith,darlene.smith@gmail.com,Nigeria,2023-09-09 22:22:45.124744
595,Sheila Hall,sheila.hall@gmail.com,Nigeria,2024-04-28 01:47:43.235616
596,Kenneth Sanford,kenneth.sanford@gmail.com,Nigeria,2024-09-18 22:32:59.917505
597,Michael May,michael.may@gmail.com,Nigeria,2023-06-29 16:14:29.503890
598,Kristin Roth,kristin.roth@gmail.com,Nigeria,2024-07-21 23:10:45.085673
599,Ashley Flores,ashley.flores@gmail.com,,2025-03-02 08:34:42.954315
600,Stephanie Rodriguez,stephanie.rodriguez@gmail.com,Nigeria,2026-01-02 22:42:44.849233
601,Jessica Proctor,jessica.proctor@gmail.com,Nigeria,2024-12-27 00:01:48.106121
602,Harold Snow,harold.snow@gmail.com,Nigeria,2023-06-10 12:34:01.113244
603,Joseph Thompson,joseph.thompson@gmail.com,Nigeria,2025-05-26 05:29:40.801484
604,Deborah Kelly,deborah.kelly@gmail.com,Nigeria,2025-06-28 19:13:31.365617
605,Meredith Anderson,meredith.anderson@gmail.com,Nigeria,2023-08-29 17:27:55.131954
606,Scott Johnston,scott.johnston@gmail.com,Nigeria,2025-01-15 12:59:24.124043
607,Michael Moore,michael.moore@gmail.com,Nigeria,2023-08-31 15:52:23.170852
608,Kevin Wilson,kevin.wilson@gmail.com,Nigeria,2024-10-20 17:07:45.736281
609,Donald Roberts,donald.roberts@gmail.com,Nigeria,2024-08-09 23:10:33.780542
610,Melissa Rodriguez,melissa.rodriguez@gmail.com,Nigeria,2024-11-02 13:21:21.537231
611,Gerald Jackson,gerald.jackson@gmail.com,Nigeria,2023-07-18 05:15:15.252774
612,Anthony Porter,anthony.porter@gmail.com,Nigeria,2025-11-29 02:15:36.776775
613,Kendra Mathews,kendra.mathews@gmail.com,Nigeria,2025-04-09 13:23:26.079480
614,Cheryl Bennett,cheryl.bennett@gmail.com,Nigeria,2025-02-26 05:09:26.909073
615,Noah Knight,noah.knight@gmail.com,Nigeria,2024-03-15 13:10:02.822935
616,Timothy Cole,timothy.cole@gmail.com,Nigeria,2024-04-17 15:52:08.220738
617,Justin Gonzales,justin.gonzales@gmail.com,Nigeria,2026-02-23 20:05:59.285611
618,Nathan Mills,nathan.mills@gmail.com,Nigeria,2025-06-17 11:44:37.088484
619,Misty Reed,misty.reed@gmail.com,Nigeria,2025-01-25 10:11:32.308364
620,Elizabeth Lambert,elizabeth.lambert@gmail.com,Nigeria,2024-05-19 23:57:13.828557
621,Cynthia Adams,cynthia.adams@gmail.com,Nigeria,2024-08-18 12:26:35.721365
622,Cindy Madden,cindy.madden@gmail.com,Nigeria,2023-06-20 07:56:53.522537
623,Ethan Carpenter,ethan.carpenter@gmail.com,Nigeria,2024-06-08 10:46:25.729877
624,Valerie Ortiz,valerie.ortiz@gmail.com,Nigeria,2026-03-15 23:46:56.620862
625,John Blake,john.blake@gmail.com,Nigeria,2024-04-07 05:04:24.123442
626,Kimberly Cook,kimberly.cook@gmail.com,Nigeria,2025-07-30 21:02:34.272723
627,Matthew Watts,matthew.watts@gmail.com,Nigeria,2024-08-31 19:11:50.603819
628,Amy Cole,amy.cole@gmail.com,Nigeria,2023-12-23 02:24:44.639415
629,Aaron Chandler,aaron.chandler@gmail.com,Nigeria,2026-05-28 05:25:04.247205
630,Edward Jensen,edward.jensen@gmail.com,Nigeria,2026-03-06 01:05:01.195873
631,Jonathan Carson,jonathan.carson@gmail.com,Nigeria,2023-12-09 09:32:31.329233
632,Jimmy Kaufman,jimmy.kaufman@gmail.com,Nigeria,2024-11-10 21:51:11.153442
633,Deborah Taylor,deborah.taylor@gmail.com,Nigeria,2024-10-25 22:44:31.247643
634,Heather Medina,heather.medina@gmail.com,Nigeria,2025-08-24 07:26:06.926293
635,Rebecca Wood,rebecca.wood@gmail.com,Nigeria,2025-05-05 16:26:45.172927
636,Stephanie Black,stephanie.black@gmail.com,Nigeria,2026-02-24 07:52:02.993520
637,Jessica Hunter,jessica.hunter@gmail.com,Nigeria,2024-09-20 17:11:55.198104
638,Matthew Baker,matthew.baker@gmail.com,,2024-02-21 10:37:37.162997
639,Michele Moore,michele.moore@gmail.com,Nigeria,2023-10-15 18:40:20.870529
640,Laura Copeland,laura.copeland@gmail.com,Nigeria,2023-10-04 20:32:51.687866
641,Ryan Alexander,ryan.alexander@gmail.com,Nigeria,2026-05-21 03:11:18.316762
642,Philip Delgado,philip.delgado@gmail.com,Nigeria,2024-06-02 20:18:41.979394
643,Eric Williams,eric.williams@gmail.com,Nigeria,2025-07-16 08:23:18.958818
644,Jeremy Coleman,jeremy.coleman@gmail.com,Nigeria,2024-05-27 03:13:14.971780
645,Cynthia Bailey,cynthia.bailey@gmail.com,Nigeria,2024-11-19 09:18:45.799487
646,Mitchell Wright,mitchell.wright@gmail.com,Nigeria,2025-12-03 13:25:09.457468
647,Alex Cook,alex.cook@gmail.com,Nigeria,2024-05-05 06:26:00.038332
648,Laura Stevenson,laura.stevenson@gmail.com,Nigeria,2024-08-10 23:40:48.110554
649,Sydney Diaz,sydney.diaz@gmail.com,Nigeria,2024-09-11 19:47:03.547354
650,Monique Peck,monique.peck@gmail.com,Nigeria,2023-10-09 13:19:59.249561
651,Sarah Gonzalez,sarah.gonzalez@gmail.com,Nigeria,2024-10-21 19:35:13.819256
652,Matthew Barton,matthew.barton@gmail.com,Nigeria,2025-03-02 22:05:10.710824
653,Jonathan Wolfe,jonathan.wolfe@gmail.com,Nigeria,2025-11-27 20:02:23.898829
654,Ruth Johnson DDS,ruth.johnson.dds@gmail.com,Nigeria,2024-08-01 23:24:03.342225
655,Gregory Grant,gregory.grant@gmail.com,Nigeria,2025-08-14 19:41:27.270531
656,Donald Stewart,donald.stewart@gmail.com,Nigeria,2025-02-06 06:39:34.137321
657,Mark Rice,mark.rice@gmail.com,Nigeria,2025-11-17 17:53:58.957583
658,David Vincent,david.vincent@gmail.com,Nigeria,2026-02-13 18:24:32.096792
659,Gina Arnold,gina.arnold@gmail.com,Nigeria,2024-03-15 16:29:02.332379
660,Kelly Gardner,kelly.gardner@gmail.com,Nigeria,2026-01-07 18:25:19.217532
661,James Gilbert,james.gilbert@gmail.com,Nigeria,2023-11-18 09:18:08.902781
662,Megan Washington,megan.washington@gmail.com,Nigeria,2025-12-18 10:41:18.717204
663,Jennifer Jones,jennifer.jones@gmail.com,Nigeria,2023-12-15 13:56:10.014502
664,Tyler Colon,tyler.colon@gmail.com,Nigeria,2024-06-08 02:43:30.231009
665,Catherine Armstrong,catherine.armstrong@gmail.com,Nigeria,2024-12-06 17:21:17.023912
666,Jennifer Rivera,jennifer.rivera@gmail.com,Nigeria,2024-10-29 16:35:22.329628
667,Mathew Perry,mathew.perry@gmail.com,Nigeria,2025-10-31 23:21:32.104995
668,Michelle Owens,michelle.owens@gmail.com,Nigeria,2024-12-23 13:27:30.425032
669,Sandra Powers,sandra.powers@gmail.com,Nigeria,2026-04-25 14:57:12.909831
670,Douglas Ryan,douglas.ryan@gmail.com,Nigeria,2024-05-07 03:18:49.647666
671,Sharon Young,sharon.young@gmail.com,Nigeria,2023-10-21 17:09:25.499008
672,Derek Bates,derek.bates@gmail.com,Nigeria,2025-05-29 19:00:35.350099
673,Susan Scott,susan.scott@gmail.com,Nigeria,2023-07-06 07:54:13.541628
674,Patrick Dunn,patrick.dunn@gmail.com,Nigeria,2023-12-20 05:04:12.936210
675,Samantha Newman,samantha.newman@gmail.com,Nigeria,2025-09-30 23:40:32.084292
676,Sabrina Cannon,sabrina.cannon@gmail.com,Nigeria,2023-10-11 13:26:54.970170
677,Stephen Jones,stephen.jones@gmail.com,Nigeria,2026-04-07 04:34:38.311205
678,Jennifer Armstrong,jennifer.armstrong@gmail.com,Nigeria,2025-06-19 03:13:23.763475
679,Bryan Mcdonald,bryan.mcdonald@gmail.com,Nigeria,2023-08-18 17:37:39.908859
680,David Arellano,david.arellano@gmail.com,Nigeria,2024-10-09 04:42:44.783639
681,Arthur Garcia,arthur.garcia@gmail.com,Nigeria,2024-01-20 06:36:07.758763
682,Diana Burke,diana.burke@gmail.com,Nigeria,2025-05-06 03:20:53.219793
683,Scott Mckinney,scott.mckinney@gmail.com,Nigeria,2024-12-18 01:56:38.890536
684,Adriana Moore,adriana.moore@gmail.com,Nigeria,2025-02-17 02:14:06.312349
685,Arthur Shepard,arthur.shepard@gmail.com,,2023-12-29 04:23:47.277858
686,Kristen Casey,kristen.casey@gmail.com,Nigeria,2023-11-17 05:03:41.483710
687,Donna Olson,donna.olson@gmail.com,Nigeria,2023-11-04 00:05:26.062166
688,Matthew Ellis,matthew.ellis@gmail.com,Nigeria,2024-08-03 18:11:24.906590
689,James Simpson,james.simpson@gmail.com,Nigeria,2025-04-26 08:49:18.048738
690,Christopher Haynes,christopher.haynes@gmail.com,Nigeria,2024-02-18 10:53:58.723001
691,Kelly Fernandez,kelly.fernandez@gmail.com,Nigeria,2023-06-23 02:36:43.605726
692,Catherine Brown,catherine.brown@gmail.com,Nigeria,2024-04-28 22:31:33.862839
693,Caroline Jordan,caroline.jordan@gmail.com,Nigeria,2026-04-20 00:54:00.370913
694,Charlotte Brown,charlotte.brown@gmail.com,Nigeria,2023-07-20 04:25:40.862685
695,John Thomas,john.thomas@gmail.com,Nigeria,2023-12-14 22:14:26.731627
696,James Davis,james.davis@gmail.com,Nigeria,2026-04-15 08:35:11.695091
697,Donald Ford,donald.ford@gmail.com,Nigeria,2024-06-01 09:16:18.827044
698,Matthew Bond,matthew.bond@gmail.com,Nigeria,2023-10-27 11:18:41.710081
699,Samantha Wells,samantha.wells@gmail.com,Nigeria,2026-04-29 03:06:42.431473
700,Sarah Lucero,sarah.lucero@gmail.com,Nigeria,2024-01-04 03:18:04.421143
701,Cheryl Gilmore,cheryl.gilmore@gmail.com,Nigeria,2026-03-12 14:12:53.939723
702,Trevor Shah,trevor.shah@gmail.com,Nigeria,2025-01-11 14:31:12.043348
703,Emily Johnson,emily.johnson@gmail.com,Nigeria,2026-05-21 05:44:27.239308
704,Timothy Jones,timothy.jones@gmail.com,Nigeria,2023-11-18 11:13:43.435633
705,Rachel Davis,rachel.davis@gmail.com,Nigeria,2025-04-06 08:38:12.154974
706,Bryan Graham,bryan.graham@gmail.com,Nigeria,2023-08-27 03:57:26.037919
707,Jack Smith,jack.smith@gmail.com,Nigeria,2024-05-02 21:34:05.118507
708,Jessica Brown,jessica.brown@gmail.com,Nigeria,2023-08-28 18:05:38.287305
709,John Carey II,john.carey.ii@gmail.com,Nigeria,2024-02-29 09:29:05.462821
710,Kenneth Perkins,kenneth.perkins@gmail.com,Nigeria,2023-07-29 08:29:51.677928
711,Carrie Lee,carrie.lee@gmail.com,Nigeria,2024-11-03 00:02:04.572872
712,Stephen Duncan,stephen.duncan@gmail.com,Nigeria,2023-11-25 07:36:53.831995
713,Michael Barnett,michael.barnett@gmail.com,Nigeria,2023-07-15 20:08:42.241882
714,Mark Robertson,mark.robertson@gmail.com,Nigeria,2023-07-07 14:37:02.790567
715,Melissa Stevenson DDS,melissa.stevenson.dds@gmail.com,Nigeria,2025-07-05 12:04:48.913299
716,Jennifer Rowland,jennifer.rowland@gmail.com,Nigeria,2024-04-04 14:34:27.682693
717,Brendan Jones,brendan.jones@gmail.com,Nigeria,2026-01-02 08:42:09.405272
718,David Casey,david.casey@gmail.com,Nigeria,2024-09-10 08:48:15.941181
719,Benjamin Gonzalez,benjamin.gonzalez@gmail.com,Nigeria,2023-07-17 04:55:21.933557
720,Jessica Harris,jessica.harris@gmail.com,Nigeria,2026-01-08 08:24:40.758323
721,Bryan Saunders,bryan.saunders@gmail.com,Nigeria,2026-02-18 21:54:22.225444
722,Peter Reyes,peter.reyes@gmail.com,Nigeria,2025-08-23 04:53:21.469115
723,Hannah Williams,hannah.williams@gmail.com,Nigeria,2024-09-10 02:01:36.577261
724,Richard Marsh,richard.marsh@gmail.com,Nigeria,2026-03-26 20:03:48.839048
725,John Mclaughlin,john.mclaughlin@gmail.com,Nigeria,2024-12-23 02:50:55.728627
726,Richard Jones,richard.jones@gmail.com,Nigeria,2023-08-29 12:46:37.165272
727,Deanna Porter,deanna.porter@gmail.com,Nigeria,2025-01-28 08:51:02.680188
728,Lisa Crawford,lisa.crawford@gmail.com,Nigeria,2026-05-29 20:21:29.006747
729,Theresa Boyd,theresa.boyd@gmail.com,Nigeria,2025-01-08 20:08:02.491477
730,Erika Foley,erika.foley@gmail.com,Nigeria,2026-01-06 11:39:00.792827
731,Fred Simmons,fred.simmons@gmail.com,Nigeria,2024-06-28 13:31:30.013659
732,Pamela Conley,pamela.conley@gmail.com,Nigeria,2024-09-07 22:49:52.013363
733,Scott Coleman,scott.coleman@gmail.com,Nigeria,2024-12-10 18:35:00.518320
734,Kenneth Campbell,kenneth.campbell@gmail.com,Nigeria,2026-02-10 11:54:04.218733
735,Michael Lee,michael.lee@gmail.com,Nigeria,2025-10-31 13:05:29.580882
736,James Galvan,james.galvan@gmail.com,Nigeria,2025-05-15 04:41:29.502866
737,Dawn Krueger,dawn.krueger@gmail.com,Nigeria,2025-12-17 05:15:54.236924
738,Vincent Mills,vincent.mills@gmail.com,Nigeria,2024-11-06 13:17:28.014328
739,Samuel Griffin,samuel.griffin@gmail.com,Nigeria,2025-02-02 08:05:47.197303
740,Ryan Simpson,ryan.simpson@gmail.com,Nigeria,2025-01-06 13:01:04.808544
741,Barry Lee,barry.lee@gmail.com,Nigeria,2025-10-05 09:53:27.807690
742,Rachel Wright,rachel.wright@gmail.com,Nigeria,2025-11-25 09:49:47.789226
743,Amanda Turner,amanda.turner@gmail.com,Nigeria,2024-10-17 08:19:34.968328
744,David Sims,david.sims@gmail.com,Nigeria,2023-09-17 20:33:38.152148
745,Charles Frazier,charles.frazier@gmail.com,Nigeria,2026-03-15 18:03:54.106104
746,Richard Harris,richard.harris@gmail.com,Nigeria,2025-01-08 11:54:16.350960
747,Cathy Rodriguez,cathy.rodriguez@gmail.com,Nigeria,2023-06-25 10:20:41.084743
748,William Gonzales,william.gonzales@gmail.com,Nigeria,2025-08-14 08:20:22.115581
749,Kelly Shaw,kelly.shaw@gmail.com,Nigeria,2024-05-17 20:47:31.022160
750,Sydney James,sydney.james@gmail.com,Nigeria,2025-03-11 11:55:51.112710
751,Shawn Anderson,shawn.anderson@gmail.com,Nigeria,2023-11-24 11:30:51.760428
752,Christopher Jones,christopher.jones@gmail.com,Nigeria,2024-08-10 07:58:22.343182
753,Angela Rodriguez,angela.rodriguez@gmail.com,Nigeria,2025-12-21 23:10:44.777184
754,Brandon Hernandez,brandon.hernandez@gmail.com,Nigeria,2025-10-11 19:46:27.578830
755,Krystal Lopez,krystal.lopez@gmail.com,Nigeria,2026-01-16 01:16:16.745492
756,Christopher Rodriguez,christopher.rodriguez@gmail.com,Nigeria,2024-06-22 22:01:56.136899
757,Earl Vincent,earl.vincent@gmail.com,Nigeria,2025-11-03 16:29:41.117773
758,Dana Becker,dana.becker@gmail.com,Nigeria,2025-12-07 00:32:18.496807
759,Susan Obrien,susan.obrien@gmail.com,Nigeria,2025-04-28 18:43:53.339197
760,Joshua Flores,joshua.flores@gmail.com,Nigeria,2025-07-21 23:24:20.045927
761,Ashley Bell,ashley.bell@gmail.com,Nigeria,2023-11-14 23:56:56.295058
762,Katherine Crosby,katherine.crosby@gmail.com,Nigeria,2025-04-21 19:25:11.721157
763,James Allison,james.allison@gmail.com,Nigeria,2024-01-14 00:26:51.706511
764,Elaine Fry,elaine.fry@gmail.com,Nigeria,2024-02-06 00:21:55.001225
765,Alicia Reed,alicia.reed@gmail.com,Nigeria,2023-11-30 07:07:15.833808
766,Colin Barnes,colin.barnes@gmail.com,Nigeria,2025-02-26 09:00:41.414850
767,Robert Henderson,robert.henderson@gmail.com,Nigeria,2025-12-20 13:57:27.765691
768,William Thomas,william.thomas@gmail.com,Nigeria,2025-07-12 18:43:44.005160
769,Joshua Whitaker,joshua.whitaker@gmail.com,Nigeria,2024-12-13 15:26:40.478211
770,Katherine Evans,katherine.evans@gmail.com,Nigeria,2025-03-09 11:03:47.332337
771,Christine Richardson,christine.richardson@gmail.com,Nigeria,2025-11-02 13:28:30.372218
772,Alexandra Gallegos,alexandra.gallegos@gmail.com,Nigeria,2023-10-29 07:21:50.490485
773,Catherine Rocha,catherine.rocha@gmail.com,Nigeria,2026-05-12 16:26:47.864911
774,Peter Scott,peter.scott@gmail.com,Nigeria,2026-03-30 01:57:36.498449
775,Nicolas Sexton,nicolas.sexton@gmail.com,Nigeria,2025-03-19 12:35:48.859826
776,Scott Perez,scott.perez@gmail.com,Nigeria,2023-08-28 05:05:43.774992
777,Kelly Cole,kelly.cole@gmail.com,Nigeria,2025-05-09 10:35:08.039505
778,Michelle Hale,michelle.hale@gmail.com,Nigeria,2024-12-16 21:21:25.389696
779,Sharon Smith DVM,sharon.smith.dvm@gmail.com,Nigeria,2023-10-29 02:16:45.653558
780,Emily Williams,emily.williams@gmail.com,Nigeria,2024-02-21 09:22:15.175536
781,Christine Ward,christine.ward@gmail.com,Nigeria,2025-11-05 14:13:46.539017
782,Rebecca Taylor,rebecca.taylor@gmail.com,Nigeria,2023-06-19 01:09:46.608792
783,Justin Gutierrez,justin.gutierrez@gmail.com,Nigeria,2026-04-30 22:54:29.274305
784,Steven Kline,steven.kline@gmail.com,Nigeria,2024-06-10 18:33:23.559784
785,Katherine Nelson,katherine.nelson@gmail.com,Nigeria,2025-12-23 13:14:59.402165
786,Ronald Smith,ronald.smith@gmail.com,Nigeria,2025-01-09 00:54:33.478605
787,Janice Hobbs,janice.hobbs@gmail.com,Nigeria,2025-09-27 21:09:46.915456
788,Samantha Hernandez,samantha.hernandez@gmail.com,Nigeria,2026-03-10 22:35:09.135931
789,Charles Gutierrez,charles.gutierrez@gmail.com,Nigeria,2025-02-17 14:33:59.073674
790,Ryan Perez,ryan.perez@gmail.com,Nigeria,2026-05-03 04:22:22.196179
791,Mary Schultz,mary.schultz@gmail.com,Nigeria,2023-06-02 03:03:10.753764
792,Patricia Garcia,patricia.garcia@gmail.com,Nigeria,2024-08-01 21:18:51.640478
793,Donna White,donna.white@gmail.com,Nigeria,2024-12-13 08:20:12.306212
794,Terry Reyes,terry.reyes@gmail.com,Nigeria,2024-02-08 16:18:00.304022
795,Denise Floyd,denise.floyd@gmail.com,Nigeria,2025-04-24 01:58:55.820840
796,Lisa Graves,lisa.graves@gmail.com,Nigeria,2023-12-11 04:13:23.286819
797,Lisa Saunders,lisa.saunders@gmail.com,Nigeria,2024-12-04 13:55:04.658853
798,Kimberly Morris,kimberly.morris@gmail.com,Nigeria,2024-05-27 13:33:11.314162
799,Matthew Johnson,matthew.johnson@gmail.com,Nigeria,2025-03-24 22:53:09.796300
800,Charles Schroeder,charles.schroeder@gmail.com,Nigeria,2026-04-04 22:50:20.013139
801,Nichole Smith,nichole.smith@gmail.com,Nigeria,2026-03-09 11:06:14.778429
802,Heather Rodriguez,heather.rodriguez@gmail.com,Nigeria,2024-10-29 06:14:36.821706
803,Ashley Barker,ashley.barker@gmail.com,Nigeria,2025-07-26 04:23:21.686695
804,Thomas Mcgrath,thomas.mcgrath@gmail.com,Nigeria,2024-07-22 01:16:42.394213
805,Frank Acosta,frank.acosta@gmail.com,Nigeria,2026-01-17 17:14:18.944851
806,Kimberly Mcdaniel,kimberly.mcdaniel@gmail.com,Nigeria,2026-02-09 11:01:42.217290
807,George Wright,george.wright@gmail.com,Nigeria,2023-07-19 12:24:19.124155
808,Margaret Sanders,margaret.sanders@gmail.com,Nigeria,2026-03-19 18:06:06.314860
809,Patricia Downs,patricia.downs@gmail.com,Nigeria,2025-03-03 18:05:20.801417
810,Candice Tapia,candice.tapia@gmail.com,Nigeria,2023-11-25 00:53:56.269564
811,Hunter Miller,hunter.miller@gmail.com,Nigeria,2024-02-26 04:32:04.212039
812,Shane Christian,shane.christian@gmail.com,Nigeria,2023-06-22 05:58:04.629969
813,Megan Richards,megan.richards@gmail.com,Nigeria,2023-08-15 20:09:18.786808
814,Katherine Murphy,katherine.murphy@gmail.com,Nigeria,2025-03-24 04:41:43.063612
815,Laura Ryan,laura.ryan@gmail.com,Nigeria,2023-12-27 05:33:22.892665
816,Ana Hernandez,ana.hernandez@gmail.com,Nigeria,2023-10-26 08:26:21.861235
817,Adam Garcia,adam.garcia@gmail.com,Nigeria,2025-04-03 07:18:58.199313
818,Sarah Hopkins,sarah.hopkins@gmail.com,Nigeria,2025-08-15 16:37:36.060027
819,William Oconnor,william.oconnor@gmail.com,Nigeria,2024-02-25 09:37:52.353171
820,Mark Green,mark.green@gmail.com,Nigeria,2024-10-05 13:46:27.835093
821,Timothy Bauer,timothy.bauer@gmail.com,Nigeria,2023-06-12 22:49:53.974027
822,Thomas Boyd,thomas.boyd@gmail.com,Nigeria,2025-06-17 17:22:27.647720
823,Robert Phillips,robert.phillips@gmail.com,Nigeria,2024-10-01 00:20:51.852092
824,Cameron Nguyen,cameron.nguyen@gmail.com,Nigeria,2024-07-17 08:48:31.747923
825,Debbie Cross,debbie.cross@gmail.com,Nigeria,2024-08-16 04:20:53.477448
826,Mr. Matthew Baldwin II,mr..matthew.baldwin.ii@gmail.com,Nigeria,2024-08-13 12:01:29.663078
827,David Martinez,david.martinez@gmail.com,Nigeria,2025-03-05 04:45:54.769807
828,Steven Henry,steven.henry@gmail.com,Nigeria,2025-08-03 20:32:25.157832
829,Claudia Mckee,claudia.mckee@gmail.com,Nigeria,2024-10-15 21:07:15.741427
830,Jay Garcia,jay.garcia@gmail.com,Nigeria,2025-06-23 15:31:01.813734
831,James Martin,james.martin@gmail.com,Nigeria,2025-03-03 23:05:00.147626
832,Daniel Shaw,daniel.shaw@gmail.com,Nigeria,2025-05-08 23:43:08.692641
833,Katherine Torres,katherine.torres@gmail.com,Nigeria,2026-01-08 07:27:32.724959
834,Ashley Carrillo,ashley.carrillo@gmail.com,Nigeria,2025-03-31 03:36:29.669005
835,Angel Perez,angel.perez@gmail.com,Nigeria,2024-01-06 22:26:44.066306
836,Courtney Chan,courtney.chan@gmail.com,Nigeria,2023-12-23 08:18:43.058936
837,Stacy Jennings,stacy.jennings@gmail.com,Nigeria,2024-12-31 22:07:31.557445
838,Carol Torres,carol.torres@gmail.com,Nigeria,2025-10-17 09:35:53.470569
839,Karen Chang,karen.chang@gmail.com,Nigeria,2023-11-11 10:02:21.094150
840,Clarence Casey,clarence.casey@gmail.com,Nigeria,2024-04-21 18:03:29.833689
841,Darrell Harding,darrell.harding@gmail.com,Nigeria,2023-09-06 00:20:20.564198
842,Christy Kelly,christy.kelly@gmail.com,Nigeria,2025-03-08 23:11:50.435871
843,Erin Rodriguez,erin.rodriguez@gmail.com,Nigeria,2024-03-14 05:44:59.335011
844,Sherri Peck,sherri.peck@gmail.com,Nigeria,2024-08-17 14:02:12.604035
845,Derek Mann,derek.mann@gmail.com,Nigeria,2025-05-06 10:02:46.551958
846,Dennis Figueroa,dennis.figueroa@gmail.com,Nigeria,2025-12-04 03:24:05.757648
847,Richard Howard MD,richard.howard.md@gmail.com,Nigeria,2024-01-13 12:58:45.465346
848,Erica Woods,erica.woods@gmail.com,Nigeria,2025-01-17 02:58:16.894697
849,Linda Ward,linda.ward@gmail.com,Nigeria,2025-09-21 04:16:33.191171
850,James Hodge,james.hodge@gmail.com,Nigeria,2023-09-01 22:02:08.663347
851,Shawn Mack,shawn.mack@gmail.com,Nigeria,2023-11-29 03:08:24.092947
852,Hunter Rice,hunter.rice@gmail.com,Nigeria,2025-09-02 05:56:32.815704
853,Dr. Christopher Cox,dr..christopher.cox@gmail.com,Nigeria,2024-08-17 11:25:54.133054
854,David Smith,david.smith@gmail.com,Nigeria,2025-03-17 23:51:25.168184
855,Ryan Archer,ryan.archer@gmail.com,Nigeria,2025-06-14 14:27:37.990988
856,Colin Lopez,colin.lopez@gmail.com,Nigeria,2023-09-13 07:30:24.110074
857,Daniel Williamson,daniel.williamson@gmail.com,Nigeria,2025-09-12 18:46:10.328091
858,Katherine Chavez DDS,katherine.chavez.dds@gmail.com,Nigeria,2025-01-19 11:10:17.618440
859,Teresa Gaines,teresa.gaines@gmail.com,Nigeria,2023-06-30 20:41:31.186703
860,Charles Williams,charles.williams@gmail.com,Nigeria,2025-10-08 13:01:54.826618
861,Jacob Moreno,jacob.moreno@gmail.com,Nigeria,2025-02-01 22:02:48.104522
862,Andres Smith,andres.smith@gmail.com,Nigeria,2024-05-22 01:21:29.694031
863,Ronald Griffin,ronald.griffin@gmail.com,Nigeria,2024-02-11 21:16:40.702275
864,Melissa Chaney,melissa.chaney@gmail.com,Nigeria,2024-06-12 15:47:37.087831
865,Laura Moore,laura.moore@gmail.com,Nigeria,2026-04-23 22:50:01.915995
866,Howard Hunter,howard.hunter@gmail.com,Nigeria,2025-03-25 22:39:36.454185
867,Angela Cohen,angela.cohen@gmail.com,Nigeria,2023-11-14 09:17:16.360394
868,Julian Smith,julian.smith@gmail.com,Nigeria,2023-09-17 08:31:22.512346
869,Ricky Russell,ricky.russell@gmail.com,Nigeria,2024-12-25 23:15:21.859584
870,Rhonda Jackson,rhonda.jackson@gmail.com,Nigeria,2024-07-13 23:45:26.915750
871,Margaret Thompson,margaret.thompson@gmail.com,Nigeria,2023-12-25 05:22:56.987921
872,Jeffrey Brown,jeffrey.brown@gmail.com,Nigeria,2026-04-09 05:16:01.716572
873,Deborah Martin,deborah.martin@gmail.com,Nigeria,2024-02-08 21:49:34.746106
874,Crystal Bush,crystal.bush@gmail.com,Nigeria,2024-06-08 02:24:53.363107
875,Selena Barnes,selena.barnes@gmail.com,Nigeria,2025-02-14 08:48:12.966342
876,Susan Wilkerson,susan.wilkerson@gmail.com,Nigeria,2024-09-17 06:49:38.030307
877,Christina Santiago,christina.santiago@gmail.com,Nigeria,2023-11-07 07:02:09.021617
878,John Paul,john.paul@gmail.com,Nigeria,2025-08-09 15:23:52.064523
879,Priscilla Howard,priscilla.howard@gmail.com,Nigeria,2023-12-30 22:42:24.707755
880,Tiffany Arroyo,tiffany.arroyo@gmail.com,Nigeria,2024-03-25 17:00:32.233202
881,Mary Dean,mary.dean@gmail.com,Nigeria,2026-04-08 19:26:27.894023
882,Christina Fuentes,christina.fuentes@gmail.com,Nigeria,2025-03-10 21:43:20.501328
883,Barbara Navarro,barbara.navarro@gmail.com,,2025-08-02 23:08:40.044907
884,Erin Marshall,erin.marshall@gmail.com,Nigeria,2024-02-04 16:55:14.980469
885,Michael Sullivan,michael.sullivan@gmail.com,Nigeria,2023-07-25 11:25:38.704937
886,Michael Foster,michael.foster@gmail.com,Nigeria,2025-05-27 18:07:57.182111
887,Kelli Baker,kelli.baker@gmail.com,Nigeria,2024-11-18 12:53:12.299470
888,Kristen Foster,kristen.foster@gmail.com,Nigeria,2024-08-25 00:28:29.748553
889,Erica Hernandez,erica.hernandez@gmail.com,Nigeria,2025-05-20 17:46:59.327469
890,Elijah Smith,elijah.smith@gmail.com,Nigeria,2024-01-19 13:10:56.715585
891,Jeffrey Lester,jeffrey.lester@gmail.com,Nigeria,2024-11-18 00:24:29.788414
892,Daniel Cook,daniel.cook@gmail.com,Nigeria,2024-02-03 08:34:27.670746
893,Andrew Jackson,andrew.jackson@gmail.com,Nigeria,2024-07-08 06:16:05.836496
894,Ralph Mccoy,ralph.mccoy@gmail.com,Nigeria,2024-11-20 21:48:15.818594
895,Lauren Rasmussen,lauren.rasmussen@gmail.com,Nigeria,2025-01-04 07:49:15.296955
896,Alicia Browning,alicia.browning@gmail.com,Nigeria,2026-03-29 07:29:08.164817
897,Gregory Evans,gregory.evans@gmail.com,Nigeria,2024-04-21 04:56:21.054480
898,Aimee Wilson,aimee.wilson@gmail.com,Nigeria,2024-04-21 23:44:08.724231
899,Audrey Gonzalez,audrey.gonzalez@gmail.com,Nigeria,2025-04-11 08:29:41.792926
900,Sarah Goodwin,sarah.goodwin@gmail.com,Nigeria,2025-10-02 13:44:37.784285
901,Eric Wilson,eric.wilson@gmail.com,Nigeria,2025-03-12 22:59:52.894688
902,Victoria Owens,victoria.owens@gmail.com,Nigeria,2025-03-27 06:43:54.263667
903,Jose Bowen,jose.bowen@gmail.com,Nigeria,2026-02-28 21:08:22.883993
904,Sheri Fleming,sheri.fleming@gmail.com,Nigeria,2025-01-31 08:09:26.732019
905,Angela Harrison,angela.harrison@gmail.com,Nigeria,2024-02-09 17:03:29.425036
906,Dr. Daniel Terry,dr..daniel.terry@gmail.com,Nigeria,2024-01-23 18:47:31.989429
907,Angela Mendoza,angela.mendoza@gmail.com,Nigeria,2023-06-05 20:29:58.274171
908,Megan Henson,megan.henson@gmail.com,Nigeria,2023-08-21 01:18:56.729303
909,Rachel Jones,rachel.jones@gmail.com,Nigeria,2025-09-19 15:04:40.353060
910,Corey Jackson,corey.jackson@gmail.com,Nigeria,2024-06-16 10:32:43.769613
911,Stacy Nguyen,stacy.nguyen@gmail.com,Nigeria,2024-05-10 03:20:10.488740
912,Timothy Leon,timothy.leon@gmail.com,Nigeria,2023-12-30 02:36:56.263971
913,Tiffany Wilkinson,tiffany.wilkinson@gmail.com,Nigeria,2024-08-01 01:05:26.528423
914,Kathleen Ochoa,kathleen.ochoa@gmail.com,Nigeria,2023-11-25 19:54:43.403065
915,Dan Adams,dan.adams@gmail.com,Nigeria,2024-02-18 23:22:18.725859
916,Michael Landry,michael.landry@gmail.com,Nigeria,2024-10-10 17:25:53.852471
917,Christopher Cabrera,christopher.cabrera@gmail.com,Nigeria,2025-03-09 04:45:48.898995
918,Brandy Reeves,brandy.reeves@gmail.com,Nigeria,2024-12-06 23:20:00.233215
919,Andrea Shelton,andrea.shelton@gmail.com,Nigeria,2026-02-11 12:10:27.783674
920,Stephen Dougherty,stephen.dougherty@gmail.com,Nigeria,2025-05-17 11:13:33.364270
921,Cassandra Zimmerman,cassandra.zimmerman@gmail.com,Nigeria,2023-12-16 13:20:50.572742
922,Anthony Ballard,anthony.ballard@gmail.com,Nigeria,2024-04-25 21:36:15.911185
923,Dr. Jessica Wells,dr..jessica.wells@gmail.com,Nigeria,2024-01-28 10:35:20.486223
924,Julie Tyler,julie.tyler@gmail.com,Nigeria,2025-05-24 04:19:16.933717
925,Katherine Pollard,katherine.pollard@gmail.com,Nigeria,2025-08-24 15:44:30.259904
926,Kim Phillips,kim.phillips@gmail.com,Nigeria,2024-07-05 22:33:30.519734
927,Samantha Gonzalez,samantha.gonzalez@gmail.com,Nigeria,2023-06-15 17:24:05.438352
928,John Solis,john.solis@gmail.com,Nigeria,2024-10-18 03:51:12.856117
929,Henry Nelson,henry.nelson@gmail.com,Nigeria,2024-07-06 18:05:47.382282
930,Matthew Davila,matthew.davila@gmail.com,Nigeria,2024-06-18 07:42:26.687882
931,Richard Johnson,richard.johnson@gmail.com,Nigeria,2024-05-12 04:45:33.418896
932,Amy Arroyo,amy.arroyo@gmail.com,Nigeria,2026-02-02 04:29:02.449452
933,Heather Hart,heather.hart@gmail.com,Nigeria,2025-04-16 23:29:40.652263
934,Nicole Kennedy,nicole.kennedy@gmail.com,Nigeria,2024-05-17 02:42:58.893852
935,Eric Allen,eric.allen@gmail.com,Nigeria,2025-05-24 01:43:00.882887
936,Katherine Chavez,katherine.chavez@gmail.com,Nigeria,2026-03-15 11:55:57.562144
937,Joseph Love,joseph.love@gmail.com,Nigeria,2023-07-24 17:03:08.934872
938,Dennis Brown,dennis.brown@gmail.com,Nigeria,2024-10-01 18:08:46.202460
939,James Pugh,james.pugh@gmail.com,Nigeria,2026-02-24 23:40:05.472055
940,Matthew Smith,matthew.smith@gmail.com,Nigeria,2023-06-22 17:22:34.155090
941,Michael Wood,michael.wood@gmail.com,Nigeria,2025-02-28 08:59:09.130284
942,Paul Roman,paul.roman@gmail.com,Nigeria,2023-07-01 10:05:55.215724
943,Ronald Barber,ronald.barber@gmail.com,Nigeria,2025-01-13 02:30:20.110034
944,Amanda Kelly,amanda.kelly@gmail.com,Nigeria,2026-05-15 09:09:05.388788
945,Tamara Hess,tamara.hess@gmail.com,Nigeria,2023-08-02 10:03:54.563539
946,John Hayden,john.hayden@gmail.com,Nigeria,2025-08-14 06:25:51.493797
947,Michelle Fisher,michelle.fisher@gmail.com,Nigeria,2024-05-12 07:02:59.463999
948,Maria Roberts,maria.roberts@gmail.com,Nigeria,2026-05-18 12:33:03.168170
949,Kenneth Wiggins,kenneth.wiggins@gmail.com,Nigeria,2026-04-10 07:16:46.359886
950,Erin Henry,erin.henry@gmail.com,Nigeria,2023-11-24 11:59:21.618795
951,Alexis Fisher,alexis.fisher@gmail.com,Nigeria,2025-08-07 21:11:53.202130
952,James Hardy,james.hardy@gmail.com,Nigeria,2024-12-01 18:25:01.467486
953,Stephanie Perez,stephanie.perez@gmail.com,Nigeria,2024-11-21 04:42:36.034111
954,Kevin Compton,kevin.compton@gmail.com,Nigeria,2024-05-03 10:38:46.948341
955,Amanda Stokes,amanda.stokes@gmail.com,Nigeria,2026-03-26 10:15:51.515270
956,Jennifer Greene,jennifer.greene@gmail.com,Nigeria,2023-07-14 09:10:39.005704
957,Mallory Perez,mallory.perez@gmail.com,,2025-05-16 20:43:19.614540
958,Sean Dyer,sean.dyer@gmail.com,Nigeria,2026-03-28 23:40:34.356196
959,Brian Edwards,brian.edwards@gmail.com,Nigeria,2025-11-04 21:34:32.104984
960,Jeffrey Kelley,jeffrey.kelley@gmail.com,Nigeria,2023-06-18 01:46:30.236891
961,Brenda Green,brenda.green@gmail.com,Nigeria,2025-01-25 10:43:36.456716
962,Eric Moore,eric.moore@gmail.com,Nigeria,2024-05-29 22:36:46.256298
963,Amanda Reilly,amanda.reilly@gmail.com,Nigeria,2026-01-08 22:13:08.017730
964,John Collier,john.collier@gmail.com,Nigeria,2025-09-29 15:52:33.050811
965,Tara Moore,tara.moore@gmail.com,Nigeria,2025-06-14 08:23:06.751968
966,April Brown,april.brown@gmail.com,Nigeria,2025-01-03 14:51:06.432788
967,Brad French,brad.french@gmail.com,,2024-11-06 11:39:40.427677
968,Nichole Roberts,nichole.roberts@gmail.com,Nigeria,2024-08-06 18:32:30.232729
969,Glenda Houston,glenda.houston@gmail.com,Nigeria,2025-12-21 08:32:07.265899
970,Marc Morris,marc.morris@gmail.com,Nigeria,2024-12-13 12:58:27.670772
971,Joseph Ball,joseph.ball@gmail.com,Nigeria,2025-05-24 01:09:10.689060
972,Billy Wagner,billy.wagner@gmail.com,Nigeria,2023-08-03 21:29:49.191320
973,Barbara Andrews,barbara.andrews@gmail.com,Nigeria,2025-09-01 23:27:04.175036
974,Lawrence Decker,lawrence.decker@gmail.com,Nigeria,2025-06-05 18:45:50.228708
975,Richard Williams,richard.williams@gmail.com,Nigeria,2026-01-16 11:52:41.957938
976,Kyle Long,kyle.long@gmail.com,Nigeria,2024-04-03 04:44:02.807641
977,Heidi Hughes,heidi.hughes@gmail.com,Nigeria,2025-07-25 23:08:58.670281
978,Amber Morris,amber.morris@gmail.com,Nigeria,2025-02-23 03:25:06.204919
979,Crystal Taylor,crystal.taylor@gmail.com,Nigeria,2025-05-26 19:16:09.480936
980,Daniel Camacho,daniel.camacho@gmail.com,Nigeria,2024-09-24 22:17:34.433452
981,Vickie Brown,vickie.brown@gmail.com,Nigeria,2023-08-22 22:36:18.052827
982,Barbara Hull,barbara.hull@gmail.com,Nigeria,2023-12-06 19:18:12.316928
983,Charles Frye,charles.frye@gmail.com,Nigeria,2024-04-29 15:04:35.963441
984,Melissa Barnett,melissa.barnett@gmail.com,Nigeria,2026-02-15 08:22:29.499066
985,Melissa Valentine,melissa.valentine@gmail.com,Nigeria,2026-01-19 14:52:40.333616
986,Mrs. Stephanie Watkins,mrs..stephanie.watkins@gmail.com,Nigeria,2024-12-18 12:36:17.290589
987,Megan Ray,megan.ray@gmail.com,Nigeria,2025-09-12 15:22:29.891279
988,Cynthia Archer,cynthia.archer@gmail.com,Nigeria,2025-06-02 09:43:27.835017
989,Bradley Harris,bradley.harris@gmail.com,Nigeria,2024-03-01 13:57:09.219294
990,Kathleen Price,kathleen.price@gmail.com,Nigeria,2025-12-23 20:49:23.054982
991,Walter Russell,walter.russell@gmail.com,Nigeria,2024-06-13 08:03:20.325735
992,Stephanie Campbell,stephanie.campbell@gmail.com,Nigeria,2024-10-18 03:44:39.110652
993,Dr. Cynthia Kramer,dr..cynthia.kramer@gmail.com,Nigeria,2026-04-26 04:23:27.106559
994,Carlos Hansen,carlos.hansen@gmail.com,Nigeria,2026-04-06 15:07:26.853979
995,Tara Martinez,tara.martinez@gmail.com,Nigeria,2024-05-10 22:54:16.259444
996,Jamie Erickson,jamie.erickson@gmail.com,Nigeria,2025-03-05 01:49:50.804191
997,Isabella Snow,isabella.snow@gmail.com,Nigeria,2024-08-08 15:58:42.148270
998,Tyrone Novak,tyrone.novak@gmail.com,Nigeria,2026-04-18 14:57:00.701195
999,Jim Haynes,jim.haynes@gmail.com,Nigeria,2024-04-29 16:36:54.492229
1000,Christopher Lynch,christopher.lynch@gmail.com,Nigeria,2026-04-29 18:23:21.043117
522,Jacob Fowler,jacob.fowler@gmail.com,Nigeria,2024-02-07 18:01:46.589221
738,Vincent Mills,vincent.mills@gmail.com,Nigeria,2024-11-06 13:17:28.014328
741,Barry Lee,barry.lee@gmail.com,Nigeria,2025-10-05 09:53:27.807690
661,James Gilbert,james.gilbert@gmail.com,Nigeria,2023-11-18 09:18:08.902781
412,Nicholas Henry,nicholas.henry@gmail.com,Nigeria,2025-05-28 08:15:45.819032
679,Bryan Mcdonald,bryan.mcdonald@gmail.com,Nigeria,2023-08-18 17:37:39.908859
627,Matthew Watts,matthew.watts@gmail.com,Nigeria,2024-08-31 19:11:50.603819
514,Jose Strickland,jose.strickland@gmail.com,Nigeria,2024-04-07 03:41:44.578729
860,Charles Williams,charles.williams@gmail.com,Nigeria,2025-10-08 13:01:54.826618
137,Derrick Lucas,derrick.lucas@gmail.com,Nigeria,2025-09-11 18:15:43.649161
